AGE BP,Site 2,Site 3 ,Site 4,Site 20 ,Site 21
22,3.16,5.11,8.34,8.29,8.28
23,4.06,6.38,7.67,6.48,6.02
22,3.61,6.68,11.91,13.42,15.05
23,4.52,7.81,10.59,12.36,12.49
24,5.87,4.43,6.62,7.54,6.92
25,3.16,5.03,6.35,10.25,6.02
26,4.06,8.86,10.85,24.43,10.53
27,9.48,5.48,7.94,9.05,9.63
28,3.61,5.18,7.81,4.37,6.47
29,4.52,5.03,5.95,6.48,6.77
30,3.16,6.46,7.67,49,9.33
31,4.97,98.09,50.81,7.69,43.18
32,24.83,6.01,5.82,15.08,24.98
33,4.52,4.43,13.23,7.99,20.46
34,8.13,1.65,8.73,14.33,9.48
35,5.87,1.95,12.17,13.72,11.59
36,5.87,1.73,10.98,11.91,5.72
37,6.32,1.88,11.12,6.64,5.27
38,6.32,2.93,3.57,16.44,5.98
39,2.71,3.23,12.57,7.09,8.69
40,5.42,4.21,7.81,6.79,9.14
41,3.16,3.61,6.22,7.39,6.66
42,2.71,3.76,4.9,6.79,4.85
43,3.16,2.85,7.41,3.17,11.06
44,5.42,4.96,6.62,4.98,20.54
45,2.71,5.78,4.76,5.43,7.9
46,2.71,5.63,7.41,7.54,33.18
47,3.16,2.7,15.88,16.89,2.83
48,5.87,3.3,4.77,9.05,4.07
49,4.97,2.93,7.53,39.66,5.2
50,3.61,8.64,30.49,3.77,35.41
51,14,39.43,4.6,5.73,15.16
52,2.71,3.3,4.3,6.94,11.54
53,4.06,3.76,1.7,26.54,6.56
54,2.71,3.98,14.39,23.98,12.81
55,11.74,11.94,27.58,10.86,19.35
56,9.93,3.23,14.59,20.96,8.37
57,6.32,15.62,11.36,20.81,5.32
58,7.68,6.38,16.32,8.29,5.54
59,9.03,2.1,8.46,8.6,8.03
60,3.61,4.58,5.66,9.5,11.77
61,3.16,6.76,12.66,11.76,6.11
62,3.61,8.19,9.59,4.83,5.77
63,4.52,7.89,4.4,4.37,5.54
64,2.71,4.73,6.46,5.13,10.07
65,3.16,4.28,29.91,6.64,7.01
66,4.06,4.51,4.46,6.18,5.54
67,4.52,6.08,3.6,7.54,5.09
68,2.26,2.7,6.39,18.06,5.09
69,2.71,3.15,13.52,6.77,22.37
70,6.32,4.96,5.73,42.3,33.55
71,4.52,6.23,17.45,6.62,8.13
72,11.29,2.4,11.52,15.5,13.22
73,6.32,6.91,22.12,16.71,10.84
74,5.87,4.41,18.72,9.48,9.66
75,9.03,4.41,6.06,7.53,10.34
76,4.97,7.94,6.26,9.18,17.28
77,6.32,7.94,10.79,8.43,18.13
78,4.06,22.49,20.78,13.4,4.91
79,4.06,9.26,8.79,3.91,6.44
80,4.52,10.58,2.86,5.72,10
81,3.61,10.58,2.73,8.13,8.64
82,4.97,8.82,6.06,7.68,15.25
83,5.87,7.06,7.26,5.87,11.52
84,7.68,5.29,6.33,9.03,11.69
85,6.77,13.23,9.99,9.18,7.12
86,4.52,2.71,16.39,15.96,18.47
87,5.42,4.07,14.79,4.97,28.13
88,11.29,6.32,4.6,12.49,11.52
89,4.97,7.23,8.13,12.79,19.99
90,10.39,3.61,24.45,8.43,14.57
91,3.61,7.68,6.66,4.82,8.64
92,6.77,8.13,7.33,9.33,8.98
93,10.39,6.32,16.52,18.06,10
94,6.77,12.65,6.26,14.75,23.72
95,4.97,16.26,7.59,7.38,6.27
96,7.68,18.07,8.19,10.24,16.6
97,5.87,4.97,8.59,9.78,19.82
98,14.45,3.61,8.73,20.77,8.9
99,7.68,6.32,28.78,8.58,53.3
100,3.16,11.29,10.13,24.54,8.81
101,20.77,4.07,18.65,17.31,4.57
102,6.32,4.97,22.32,11.59,2.2
103,4.06,5.42,50.43,50.43,3.73
104,4.06,4.07,10.19,5.27,4.41
105,4.97,3.16,6.2,3.16,2.71
106,2.71,8.13,4.8,5.87,5.93
107,7.68,13.1,7.13,7.23,12.2
108,7.22,8.58,7.19,13.1,7.45
109,5.87,19.88,9.93,9.63,2.71
110,3.16,12.65,9.49,9.18,6.95
111,4.06,33.43,7.39,6.17,12.03
112,7.22,11.75,5,11.89,6.44
113,6.77,4.52,6.99,14.15,10.5
114,2.71,3.61,16.59,9.93,16.1
115,4.52,4.52,12.99,9.63,8.3
116,11.74,5.42,8.99,18.52,9.15
117,6.32,13.1,22.58,7.53,5.76
118,7.22,8.13,9.29,10.84,9.83
119,3.61,5.87,9.99,4.22,28.22
120,4.97,4.07,3.3,7.98,7.45
121,7.22,7.23,7.39,22.13,9.49
122,4.06,12.65,26.48,9.48,6.61
123,6.32,9.03,11.19,10.54,15.93
124,7.68,10.84,10.59,7.38,16.43
125,6.77,18.07,6.79,15.81,9.49
126,9.48,6.78,15.49,12.49,8.47
127,10.84,7.23,14.49,10.39,14.23
128,6.32,4.07,9.59,13.1,13.38
129,6.32,7.23,10.24,18.82,6.58
130,11.29,16.71,23.18,14.75,9.21
131,8.13,5.42,14.55,7.38,3.95
132,5.87,10.84,7.55,6.62,17.53
133,8.58,11.75,7.55,4.67,7.01
134,8.22,9.49,5.93,5.72,9.64
135,5.48,11.75,6.47,8.58,9.64
136,6.85,8.58,12.94,4.21,6.14
137,8.22,9.03,8.09,7.08,7.89
138,4.11,13.1,11.32,5.87,5.7
139,8.67,31.62,5.39,7.53,5.26
140,5.48,9.49,8.09,5.12,8.77
141,7.3,5.87,6.47,7.23,10.08
142,5.48,7.68,8.62,7.08,417.32
143,25.11,9.03,7.55,8.13,7.45
144,2.74,8.58,8.09,8.43,5.7
145,4.11,9.03,10.24,7.23,8.33
146,13.24,4.97,10.24,11.14,12.71
147,9.13,3.16,87.86,5.72,15.34
148,4.56,5.87,6.47,80.98,9.64
149,8.67,4.97,8.62,8.58,16.66
150,5.02,12.65,4.85,14.45,24.11
151,6.39,9.03,10.24,6.62,16.22
152,5.48,9.03,8.62,11.74,15.34
153,7.76,7.23,8.62,8.58,10.96
154,8.22,71.01,7.55,9.33,9.21
155,8.67,3.07,15.09,8.58,11.4
156,15.52,5.42,11.32,13.55,6.58
157,12.33,9.03,17.79,8.73,5.7
158,9.55,4.52,38.27,12.49,7.01
159,7.8,5.87,15.63,25.14,18.41
160,7.76,6.78,19.94,14.3,8.33
161,5.02,7.23,10.78,17.16,12.71
162,5.93,7.23,7.55,10.54,5.26
163,5.93,9.49,8.62,8.13,7.89
164,7.3,8.58,6.47,9.33,10.08
165,5.93,14.91,5.93,8.13,7.01
166,7.3,52.85,8.62,6.17,7.89
167,5.93,16.71,11.86,7.53,14.47
168,5.02,10.84,15.63,12.95,14.03
169,1.83,13.1,7.55,10.09,14.9
170,4.56,6.32,9.7,7.53,15.34
171,3.65,4.07,7.55,11.74,10.96
172,4.56,5.87,3.77,10.99,8.33
173,5.48,3.16,8.62,6.62,10.08
174,5.48,4.07,12.4,6.92,5.26
175,6.39,5.42,11.86,14,10.52
176,7.76,12.2,7.55,12.19,16.22
177,7.76,11.75,11.86,11.74,4.38
178,7.3,5.42,14.01,19.42,3.07
179,5.02,5.42,17.79,12.79,7.45
180,7.76,2.71,4.31,16.71,8.77
181,9.59,6.32,12.94,6.77,22.79
182,5.48,3.61,16.17,13.85,9.21
183,3.65,5.42,5.93,12.74,15.78
184,5.02,6.32,4.31,5.46,20.16
185,3.2,6.78,4.85,5.46,4.38
186,9.59,9.49,4.31,8.65,3.51
187,6.85,13.55,7.55,6.83,6.58
188,10.96,9.94,14.55,8.65,4.38
189,11.87,11.75,11.86,13.65,4.82
190,3.63,6.78,12.94,14.56,9.21
191,4.53,10.84,19.4,15.93,5.7
192,8.61,10.39,7.01,19.57,32
193,5.44,5.87,6.47,7.74,5.26
194,5.89,5.42,8.62,8.65,4.82
195,13.6,5.87,8.62,15.02,4.82
196,4.99,6.78,8.09,6.37,6.14
197,5.89,8.13,16.65,7.28,9.99
198,5.44,8.58,26,9.56,5.9
199,6.35,7.68,6.41,39.14,12.26
200,4.08,9.49,7.01,5.92,17.71
201,4.53,13.1,6.47,8.19,7.72
202,8.16,5.42,9.7,8.65,13.17
203,5.89,6.32,5.93,11.38,12.26
204,8.16,11.75,5.93,5.92,8.63
205,10.88,6.32,19.4,5.46,9.54
206,6.35,6.78,5.93,8.19,10.9
207,4.53,28.91,11.86,3.64,9.99
208,6.8,6.32,18.87,11.38,12.26
209,6.35,6.32,12.4,21.85,5.9
210,9.52,6.32,11.32,8.65,10.9
211,4.08,8.58,8.09,8.65,17.71
212,7.71,5.42,10.78,10.01,9.54
213,10.43,5.42,23.18,12.74,9.08
214,4.99,9.94,7.01,10.92,8.18
215,8.16,7.23,10.24,3.19,14.99
216,5.44,13.55,24.8,8.65,8.63
217,6.8,14.46,8.09,29.58,9.54
218,4.99,11.29,10.78,8.19,15.9
219,4.99,6.78,8.09,10.92,11.81
220,6.35,8.13,15.63,5.46,8.63
221,7.25,11.29,7.01,11.83,7.72
222,4.99,11.75,9.7,9.56,8.63
223,5.44,4.97,11.86,10.47,11.36
224,6.35,9.49,14.55,12.29,5.9
225,5.89,15.36,8.09,11.83,9.08
226,4.99,4.06,5.93,7.28,11.81
227,5.44,7.18,10.24,7.74,16.81
228,7.25,11.27,15.09,8.19,5.9
229,8.16,6.16,5.39,10.47,7.27
230,4.53,10.86,5.39,6.83,5.45
231,6.35,7.78,11.32,7.28,9.54
232,5.44,8.04,17.79,14.11,5.45
233,9.52,9.06,5.93,15.93,6.36
234,9.52,12.33,4.85,7.74,11.36
235,7.25,6.69,4.85,6.83,16.81
236,4.08,6.73,14.55,5.92,9.54
237,6.35,6.73,16.71,11.38,6.36
238,4.99,8.79,18.87,5.01,8.18
239,3.17,4.81,3.77,18.66,7.72
240,4.08,7.18,7.01,11.83,4.54
241,4.53,12.74,8.09,6.94,6.36
242,11.78,16.99,5.93,6.18,18.17
243,4.53,6.88,5.93,7.39,4.09
244,7.71,6.09,19.4,4.22,4.54
245,6.8,9.7,10.78,9.35,19.08
246,5.89,13.94,10.23,24.12,5
247,6.8,7.07,6.16,10.03,14.08
248,5.89,8.64,11.86,10.63,9.99
249,4.99,14.84,9.6,5.96,15.9
250,4.53,6.28,9.87,11.16,12.72
251,4.08,10.41,8.78,7.46,9.08
252,7.25,8.61,9.23,14.4,7.27
253,9.97,6.31,10.32,11.53,7.72
254,11.33,7.63,4.8,9.8,11.36
255,6.8,11.84,6.7,8.14,8.18
256,7.71,18.38,10.14,8.29,13.63
257,5.89,5.76,20.1,10.03,15.9
258,11.78,10.96,12.58,5.58,12.21
259,8.16,5.88,8.15,14.32,9.05
260,6.35,4.75,13.49,15,8.59
261,7.25,4.59,5.98,6.71,7.69
262,11.78,2.41,6.61,7.77,11.76
263,12.69,2.26,9.78,6.26,11.76
264,4.99,1.51,14.67,7.61,16.75
265,4.99,4.82,10.77,8.9,13.1
266,7.25,8.89,13.13,8.67,29.4
267,6.8,12.05,24.99,17.42,7.69
268,5.89,9.94,17.93,15.75,9.05
269,6.8,5.12,5.43,28.57,5.43
270,9.97,6.78,7.6,8.07,6.33
271,12.69,4.75,9.78,5.05,8.59
272,5.89,5.95,11.41,5.8,13.12
273,33.09,5.35,6.52,6.11,9.05
274,4.99,11.98,6.52,7.46,7.24
275,4.99,12.05,9.78,11.61,9.5
276,3.63,10.39,35.85,6.33,14.93
277,4.53,11.52,4.25,7.84,31.21
278,6.35,24.63,3.35,9.12,4.98
279,4.53,12.13,41.19,16.36,7.69
280,5.44,4.22,9.87,33.55,39.35
281,4.53,7.68,9.78,6,5.43
282,4.99,13.26,4.8,4.9,7.24
283,2.72,5.8,5.07,47,5.43
284,5.89,11.6,4.8,7.24,5.88
285,6.35,7.53,6.97,8.07,11.31
286,6.35,24.04,4.35,6.18,4.98
287,7.25,71.55,16.3,6.63,12.21
288,5.89,8.07,3.44,6.03,3.17
289,8.61,30.49,6.97,9.27,7.69
290,7.71,2.95,4.8,5.73,3.62
291,4.53,6.93,3.89,11.61,3.62
292,5.89,5.5,4.35,3.39,5.88
293,4.99,5.27,5.34,5.81,7.24
294,4.08,10.92,6.7,5.28,8.14
295,4.99,5.42,6.07,12.21,9.5
296,8.16,10.55,7.29,5.13,4.98
297,16.77,2.86,11.74,8.14,7.24
298,9.07,6.25,11.38,10.4,13.12
299,5.89,8.51,23.29,7.39,5.43
300,4.53,4.52,5.69,9.12,9.05
301,5.44,11.83,6.93,14.1,21.71
302,11.78,8.81,8.36,6.11,9.95
303,9.07,9.27,6.76,12.29,6.33
304,4.99,12.13,6.76,13.57,13.12
305,7.71,12.73,12.62,7.92,21.26
306,4.99,10.39,27.74,8.59,7.69
307,9.52,11.75,7.82,16.28,8.59
308,4.99,5.42,6.4,30.23,4.07
309,4.53,8.51,3.91,13.12,6.79
310,6.35,9.49,7.87,7.39,12.21
311,6.8,4.29,24.67,5.96,14.47
312,4.99,4.67,11.6,9.42,5.43
313,5.44,14.61,6,15.78,9.05
314,6.8,9.11,9.33,15.78,7.69
315,4.99,18.83,9.47,4.96,12.21
316,4.99,23.95,12.27,10.37,8.14
317,8.16,16.8,9.33,8.57,6.33
318,13.14,9.87,6.93,14.43,10.86
319,7.71,3.59,11.87,10.82,12.67
320,5.44,4.04,11.6,7.67,8.14
321,7.25,3.14,10.27,9.92,9.95
322,3.63,8.98,15.74,10.82,7.69
323,4.53,9.87,14.67,7.67,5.43
324,4.08,5.39,7.87,8.57,5.43
325,8.16,37.7,6.93,9.47,8.59
326,5.89,4.04,12.27,6.31,10.86
327,6.35,4.49,19.34,7.67,8.59
328,8.16,6.73,9.47,9.92,6.79
329,4.99,6.73,6.93,19.39,6.79
330,13.6,5.83,16.27,7.22,13.57
331,38.53,12.57,6.67,5.86,4.52
332,3.17,12.57,6.93,11.73,4.98
333,2.27,11.22,12,6.76,10.4
334,2.27,9.42,18.14,6.76,15.38
335,1.81,11.22,8.8,9.47,5.88
336,1.81,6.28,9.2,16.69,5.88
337,3.63,7.18,8.8,8.12,8.14
338,0.91,5.39,6.4,5.41,6.33
339,2.72,4.49,18.94,8.57,14.93
340,4.08,23.34,41.74,3.61,25.78
341,2.72,11.22,5.87,13.98,5.43
342,5.44,5.83,3.6,38.78,4.98
343,5.44,8.08,2.8,5.86,3.62
344,4.99,4.04,2.27,3.61,3.17
345,6.35,4.04,3.87,2.71,2.26
346,3.63,5.83,3.47,2.25,3.17
347,5.44,11.22,4.53,3.61,2.71
348,7.25,6.73,4.4,3.61,4.07
349,14.5,6.28,5.47,5.41,3.17
350,4.99,8.08,8.13,4.06,3.62
351,4.53,5.39,9.73,6.31,4.98
352,5.89,13.91,14.8,10.82,8.14
353,4.99,65.52,10.8,5.41,10.86
354,9.07,3.59,7.6,10.82,12.21
355,4.53,2.24,9.87,12.63,6.79
356,4.99,1.35,4.93,7.22,10.4
357,4.99,1.35,9.73,9.02,3.62
358,4.08,2.69,11.6,3.16,6.33
359,5.44,2.69,12.8,5.86,10.86
360,4.08,2.69,19.87,9.47,14.93
361,5.89,2.24,8.93,32.02,22.62
362,6.35,3.14,5.33,8.57,10.4
363,4.99,4.94,6.53,6.31,7.69
364,5.89,5.39,8.8,9.47,11.31
365,7.71,8.08,26.14,13.53,14.02
366,7.71,6.73,2.8,23,23.52
367,6.8,4.04,9.07,2.25,3.17
368,5.89,5.39,5.87,9.02,6.33
369,4.53,2.69,5.87,5.41,6.33
370,3.63,6.28,5.07,5.41,6.79
371,5.89,6.73,8,3.61,4.98
372,4.99,20.64,6.13,6.31,7.24
373,3.63,7.18,6.27,6.31,7.69
374,4.08,6.28,0,7.22,7.24
375,2.27,5.83,2.53,3.16,2.71
376,4.99,6.28,8.13,8.12,8.14
377,7.25,11.67,6.13,6.31,6.79
378,4.53,2.69,5.2,4.06,4.98
379,10.43,6.73,5.88,4.96,5.88
380,3.63,4.04,16.73,14.43,14.02
381,6.35,6.28,5.88,6.31,9.95
382,4.53,3.14,8.14,9.02,10.86
383,3.17,5.39,9.04,7.67,9.05
384,6.35,4.49,7.23,6.76,6.33
385,8.16,3.14,7.69,5.86,8.14
386,8.61,1.8,9.95,9.02,10.86
387,3.63,3.14,7.23,5.41,7.24
388,4.53,4.04,4.97,3.61,4.07
389,4.53,3.14,8.14,3.61,3.17
390,4.99,20.2,4.52,3.16,2.71
391,6.35,4.94,9.04,7.22,8.59
392,6.35,4.94,14.92,10.37,11.76
393,10.88,4.94,4.52,4.06,4.98
394,4.53,4.94,15.37,15.78,5.43
395,3.63,4.04,4.07,2.25,13.57
396,4.99,5.39,10.85,10.82,4.52
397,5.44,4.04,6.33,4.51,11.76
398,3.13,2.69,4.52,3.16,6.79
399,4.47,3.14,9.04,8.12,4.52
400,8.05,2.69,9.04,9.92,10.4
401,4.92,5.83,14.01,12.18,12.67
402,5.36,9.87,7.69,7.67,6.79
403,4.47,4.49,6.78,7.67,6.79
404,5.36,13.91,4.97,4.96,7.69
405,3.58,11.22,4.97,4.51,4.52
406,2.23,4.04,5.88,6.31,6.79
407,3.58,3.59,6.78,6.31,5.43
408,3.58,3.59,23.96,4.51,6.79
409,5.81,6.28,6.33,16.69,9.05
410,4.02,12.57,5.42,5.41,5.43
411,7.6,6.73,6.33,6.31,2.72
412,4.02,5.39,7.69,4.96,18.11
413,6.7,4.94,11.75,7.67,5.89
414,2.68,2.69,5.42,13.08,7.7
415,2.68,2.69,7.23,6.31,6.79
416,4.02,2.69,4.97,6.31,9.05
417,4.02,3.59,4.52,3.16,10.86
418,4.47,25.58,4.97,3.61,7.24
419,5.36,2.69,4.07,2.71,7.24
420,3.58,3.14,4.07,5.86,9.51
421,7.15,3.14,9.95,4.06,4.53
422,4.02,3.14,7.23,2.71,5.89
423,3.58,7.63,6.33,4.06,7.7
424,5.36,3.59,4.52,6.76,4.07
425,4.92,4.94,14.92,7.22,7.7
426,4.92,4.04,7.23,6.31,8.15
427,4.47,3.14,7.23,12.18,8.15
428,4.02,3.59,2.71,4.06,16.3
429,4.92,4.49,3.62,5.41,7.24
430,3.58,3.14,5.42,5.86,8.15
431,4.47,3.59,3.62,2.71,3.62
432,3.13,3.59,6.33,3.61,4.07
433,4.47,4.94,9.04,3.61,4.53
434,4.02,3.14,5.42,3.16,4.07
435,5.36,9.87,16.27,4.51,5.43
436,6.7,4.94,4.97,7.67,8.15
437,4.92,5.83,3.62,4.51,5.43
438,4.92,2.69,6.78,8.12,9.05
439,4.02,1.8,5.88,9.47,8.6
440,5.81,4.04,6.33,4.96,5.43
441,2.68,2.24,5.42,4.06,4.07
442,5.36,4.04,6.78,8.12,6.34
443,3.13,5.83,10.85,5.41,4.98
444,2.68,2.69,4.52,6.31,6.34
445,5.36,8.98,4.97,5.86,6.34
446,5.81,3.59,3.62,4.51,6.34
447,4.02,2.69,5.88,10.37,14.03
448,4.92,4.94,4.52,4.96,7.24
449,7.15,4.04,12.66,4.96,4.07
450,3.58,4.94,10.4,4.06,4.53
451,7.6,4.94,10.4,5.41,6.79
452,5.36,4.94,8.59,4.96,4.98
453,3.58,7.63,7.23,8.57,9.96
454,4.92,4.04,9.04,3.16,10.41
455,4.92,3.59,4.07,9.02,9.96
456,4.47,2.24,10.4,7.67,10.86
457,2.25,4.04,3.62,9.92,8.6
458,3.59,3.14,5.88,6.76,8.15
459,6.29,4.94,5.88,8.57,4.53
460,7.19,5.83,8.14,3.61,11.32
461,7.64,6.28,4.97,9.02,4.53
462,4.49,5.83,7.23,4.51,4.98
463,5.84,7.18,19.44,4.96,6.34
464,4.04,10.32,4.97,4.97,8.6
465,6.74,10.32,8.59,9.49,7.24
466,3.59,4.49,6.78,8.14,13.13
467,2.25,4.94,3.62,12.21,37.57
468,5.39,6.28,8.59,27.13,4.07
469,2.7,4.49,9.95,2.26,11.77
470,2.7,4.49,4.52,8.14,10.86
471,1.8,11.67,4.52,6.78,8.15
472,4.94,4.04,4.52,6.33,11.32
473,2.7,8.53,5.42,13.56,11.77
474,2.7,4.94,6.33,13.11,4.53
475,4.04,3.14,6.78,4.07,5.89
476,8.09,5.83,8.59,4.52,4.98
477,8.09,4.94,5.88,4.97,5.89
478,13.03,2.69,8.59,4.52,6.79
479,33.7,2.69,4.07,7.69,8.6
480,6.74,2.69,9.04,8.59,9.96
481,4.49,2.69,5.42,8.59,7.24
482,4.04,7.63,4.97,6.78,20.37
483,3.59,5.83,8.14,12.21,4.53
484,3.14,3.59,3.62,4.07,12.68
485,4.04,4.14,4.97,9.95,4.97
486,5.39,5.94,5.42,5.43,2.71
487,3.59,2.63,7.69,2.26,2.26
488,3.14,7.22,4.07,7.69,6.77
489,4.49,3.61,3.62,4.52,4.52
490,4.49,8.91,4.52,4.52,5.42
491,5.39,2.78,6.33,4.07,4.97
492,8.99,3.65,3.62,7.23,8.58
493,6.29,2.29,3.16,3.62,4.97
494,4.94,6.28,10.4,4.52,5.87
495,9.43,3.16,52.89,5.88,6.32
496,4.49,3.12,11.3,7.69,18.96
497,6.29,3.23,7.69,2.71,4.06
498,6.74,8.42,5.42,4.52,8.58
499,4.04,5.38,7.23,9.95,24.38
500,3.59,10.12,4.52,48.83,50.57
501,2.7,31.03,6.33,14.47,2.26
502,1.8,8.16,8.14,9.49,5.87
503,3.59,3.65,6.33,8.14,7.68
504,2.7,3.08,3.16,7.69,6.77
505,4.04,2.33,8.14,6.78,6.77
506,3.14,2.63,7.23,7.23,7.68
507,5.39,3.16,9.49,9.49,20.32
508,4.94,3.27,11.75,6.33,7.22
509,2.7,3.12,8.59,4.07,7.22
510,5.84,1.81,7.23,9.95,12.19
511,4.94,4.96,13.56,9.04,9.48
512,3.14,6.24,5.88,10.4,14
513,5.84,9.06,5.42,12.21,14
514,4.04,10.91,7.23,11.3,10.39
515,3.59,7.18,5.42,7.69,7.68
516,2.7,5.87,4.52,15.82,17.61
517,3.59,7.22,7.69,6.33,4.97
518,4.04,6.73,5.88,6.78,5.87
519,4.94,4.48,7.23,10.4,8.58
520,4.49,4.14,6.78,5.43,4.97
521,5.84,4.96,5.88,4.52,4.06
522,4.94,4.06,4.97,7.23,6.32
523,8.54,3.2,4.52,7.23,7.22
524,3.14,2.71,10.85,3.16,9.03
525,4.04,4.33,5.42,7.23,5.42
526,2.25,2.03,4.97,4.97,5.87
527,6.29,3.91,6.33,4.97,4.97
528,4.04,7.22,4.07,5.43,4.52
529,6.29,5.04,3.16,4.52,12.19
530,4.94,3.12,4.52,11.75,5.87
531,3.59,2.78,4.07,5.88,5.87
532,3.59,7.22,4.97,5.43,6.32
533,3.14,3.12,5.42,6.78,3.16
534,2.7,3.61,3.62,5.43,3.16
535,2.7,4.36,4.97,4.07,2.71
536,3.59,4.63,7.23,4.07,4.52
537,8.09,2.75,10.85,4.52,4.97
538,6.29,2.18,3.62,6.78,4.52
539,3.14,3.61,5.42,4.07,2.26
540,4.49,4.51,9.95,4.07,6.32
541,6.29,3.2,6.33,5.88,2.71
542,6.29,3.2,7.69,8.59,4.06
543,7.19,6.28,5.88,10.4,10.39
544,5.84,2.75,5.88,8.14,3.16
545,4.49,3.61,3.62,4.97,5.87
546,7.19,11.25,3.16,9.04,3.61
547,4.49,2.67,4.52,9.49,7.22
548,3.59,5.53,3.62,9.04,10.39
549,4.04,2.26,3.62,7.23,8.58
550,5.39,5.38,6.33,7.69,7.22
551,4.04,4.93,5.42,3.62,8.13
552,7.19,6.81,3.62,3.62,2.71
553,7.19,6.85,3.62,4.52,3.16
554,4.49,7.18,21.25,3.16,5.87
555,5.84,3.99,6.8,3.62,6.32
556,2.7,4.59,7.7,7.69,6.77
557,3.59,4.59,6.34,9.04,3.61
558,5.39,4.85,8.61,5.43,4.52
559,1.8,8.2,4.53,7.23,8.13
560,6.29,8.95,6.34,8.14,5.87
561,2.25,4.44,6.34,10.4,8.58
562,2.7,4.66,7.25,8.14,4.97
563,3.59,7.15,4.08,7.23,4.52
564,5.84,8.2,3.17,6.33,8.13
565,3.14,7.22,9.06,10.85,4.52
566,6.29,6.58,10.42,4.52,5.42
567,2.25,5.08,5.89,6.78,5.42
568,4.49,7.18,5.44,5.88,5.42
569,2.7,4.51,4.08,6.33,4.97
570,4.49,4.48,3.17,3.62,5.87
571,3.59,5.04,5.89,4.97,8.13
572,3.14,5.75,2.72,8.59,11.29
573,5.84,2.78,7.7,10.85,6.77
574,9.43,3.08,2.72,5.88,5.87
575,14.83,8.31,3.63,6.33,3.61
576,6.74,9.33,5.44,7.23,4.06
577,5.84,5,8.16,5.88,8.13
578,4.94,5.9,3.17,4.07,4.06
579,4.94,2.67,4.98,6.78,5.42
580,2.7,3.61,12.24,3.16,3.61
581,4.04,4.44,5.89,4.07,5.42
582,4.94,1.92,5.44,9.04,8.13
583,3.59,6.28,5.44,11.75,9.03
584,3.59,2.33,6.8,9.95,3.61
585,3.59,3.57,4.53,16.73,5.42
586,3.59,3.69,4.08,4.52,12.64
587,7.19,7.52,6.34,7.23,4.52
588,3.14,4.51,8.61,6.33,6.77
589,4.04,9.03,43.96,7.23,9.03
590,3.59,2.78,11.33,4.97,5.87
591,4.94,6.77,4.98,5.88,4.97
592,4.49,4.44,5.89,9.49,4.97
593,4.04,4.55,6.34,6.78,8.58
594,4.49,2.78,5.89,8.51,4.52
595,7.64,2.71,7.7,4.03,5.42
596,4.49,4.51,4.98,41.63,42.44
597,4.49,6.73,5.89,11.64,12.19
598,5.39,23.43,6.8,4.48,4.97
599,2.25,8.12,4.98,5.37,6.77
600,6.29,3.99,7.7,5.82,6.32
601,4.04,5.12,8.61,4.48,5.87
602,4.94,4.93,5.89,9.4,7.22
603,3.59,4.06,3.63,4.92,4.97
604,4.94,6.32,3.63,10.3,9.48
605,5.39,4.81,6.34,4.48,2.71
606,10.33,4.21,3.63,7.16,7.22
607,5.39,5,5.89,8.06,7.22
608,4.49,3.61,5.89,4.48,4.52
609,5.39,8.09,11.78,3.58,4.06
610,8.09,5.9,14.95,4.03,3.16
611,4.94,5.34,5.44,4.48,4.52
612,4.04,3.65,7.7,4.48,5.42
613,6.29,2.75,4.98,4.92,4.97
614,4.94,3.99,5.89,5.82,5.42
615,7.64,3.27,4.53,10.74,9.03
616,7.19,3.57,6.34,12.09,12.19
617,3.14,4.02,4.53,5.82,6.32
618,5.39,8.09,4.98,7.61,7.68
619,3.59,6.92,10.88,5.82,4.97
620,5.84,3.35,21.75,4.48,8.13
621,4.49,4.66,6.34,2.69,4.06
622,5.39,3.08,4.98,5.37,6.77
623,6.29,4.51,5.89,3.58,4.06
624,4.49,4.17,4.98,4.03,5.42
625,4.04,4.1,4.53,10.3,6.32
626,2.7,3.08,4.08,22.38,21.67
627,5.39,4.44,5.89,5.82,6.32
628,4.49,6.36,7.7,4.48,4.97
629,6.74,15.42,4.53,5.37,6.32
630,9.43,4.96,3.17,13.43,14.45
631,5.39,4.02,6.34,4.92,6.32
632,5.84,5.83,16.31,4.92,7.22
633,7.19,8.58,12.24,3.13,4.97
634,3.14,3.69,4.53,3.13,2.26
635,4.04,3.12,7.7,2.69,5.87
636,3.59,1.77,4.08,4.92,9.93
637,4.94,3.65,7.7,10.3,14.9
638,9.88,3.23,5.44,2.24,5.87
639,4.49,3.08,6.8,11.19,5.42
640,7.64,9.93,4.53,4.48,4.97
641,4.04,13.05,8.16,5.37,4.97
642,5.84,2.71,5.89,3.13,6.32
643,8.09,5.42,6.8,7.61,7.68
644,3.59,2.33,5.44,5.37,10.84
645,2.7,5,4.53,5.37,5.87
646,3.14,4.14,9.06,9.85,4.52
647,5.39,5.15,10.42,5.82,3.61
648,4.94,15.04,10.42,4.03,3.61
649,3.14,5.38,5.44,3.58,7.22
650,4.94,4.06,9.97,4.48,6.77
651,4.49,3.23,14.95,8.06,8.13
652,4.49,3.57,7.25,7.16,23.93
653,7.19,5.34,4.53,8.06,5.47
654,5.39,6.39,5.44,7.16,5.01
655,6.74,4.93,5.89,9.4,4.56
656,18.87,4.06,12.24,9.4,4.56
657,5.39,5.83,7.25,5.37,6.83
658,5.39,9.4,14.5,8.51,10.48
659,4.94,7.26,10.88,6.27,5.01
660,3.59,3.54,9.52,5.37,20.5
661,3.59,3.23,6.34,25.07,6.83
662,3.14,4.63,9.52,6.27,10.93
663,5.39,4.89,17.67,13.43,5.47
664,4.94,3.69,4.08,11.64,12.3
665,5.39,8.05,3.17,12.09,18.22
666,2.7,6.32,4.98,5.82,2.28
667,6.74,7.37,5.44,9.4,3.19
668,4.49,3.5,6.34,17.91,4.1
669,4.94,10.34,3.63,2.69,8.65
670,3.14,9.6,4.98,3.58,5.47
671,4.04,6.78,6.8,4.48,11.39
672,6.74,3.39,6.34,4.03,5.01
673,3.14,5.31,6.8,6.27,5.01
674,4.94,4.41,7.7,7.61,5.92
675,4.94,6.21,8.82,3.13,5.92
676,4.04,3.61,40.82,4.92,7.29
677,4.94,5.65,4.28,6.27,6.83
678,8.54,4.29,8.16,6.27,39.17
679,5.84,4.63,7.25,7.16,4.1
680,4.49,7.46,5.89,9.4,5.92
681,5.39,8.02,6.34,7.16,7.29
682,4.49,9.83,4.98,37.6,4.56
683,3.14,57.84,11.33,4.48,5.01
684,7.19,10.73,12.69,8.51,4.1
685,2.7,3.28,11.33,6.27,14.12
686,5.84,6.21,13.59,5.37,9.11
687,3.14,5.76,9.97,7.16,32.8
688,5.39,4.97,8.61,4.03,7.29
689,3.59,4.29,8.16,11.64,5.01
690,3.59,3.95,7.25,13.88,5.01
691,4.04,8.59,8.16,27.31,2.28
692,3.14,6.67,3.17,7.16,5.01
693,2.25,10.05,7.25,9.85,8.2
694,2.7,4.97,9.06,9.4,3.64
695,3.59,4.52,4.53,6.71,5.92
696,2.7,2.82,7.25,7.16,8.2
697,11.23,2.15,9.06,2.69,4.1
698,9.88,4.18,8.61,8.95,5.47
699,14.38,4.97,8.61,9.4,7.29
700,1.97,2.49,13.14,3.58,11.84
701,10.26,5.08,6.8,5.82,6.38
702,6.88,7,6.34,4.92,5.47
703,6.65,3.5,9.06,4.03,5.92
704,5.47,5.42,6.34,3.58,9.11
705,3.1,3.05,3.63,4.92,5.47
706,4.15,3.5,6.34,8.51,2.73
707,5.82,2.26,4.08,11.19,5.01
708,4.09,4.52,6.34,7.61,3.19
709,7.59,5.99,4.08,5.37,2.73
710,2.74,8.13,4.08,5.64,3.64
711,3.61,6.67,4.08,8.05,3.64
712,4.09,5.08,4.53,5.87,2.73
713,8.9,7.57,4.08,2.93,2.73
714,2.29,8.7,3.17,6.17,1.82
715,3.72,8.59,3.63,4.44,3.64
716,3.61,3.95,3.17,4.06,5.92
717,3.49,11.64,7.25,3.54,9.11
718,4.55,4.74,10.88,4.29,11.39
719,8.11,3.16,12.69,4.36,5.47
720,5.37,3.73,7.25,3.99,15.94
721,3.16,3.73,19.03,2.93,7.74
722,4.06,4.29,8.61,3.16,4.1
723,4.02,2.71,9.06,8.05,6.38
724,2.78,3.05,25.83,12.11,16.4
725,2.67,3.5,7.7,12.87,9.11
726,3.72,3.39,4.98,5.19,6.83
727,4.4,11.41,3.17,19.56,4.1
728,5.45,13.1,4.98,7.9,2.73
729,3.53,6.89,3.17,5.12,3.19
730,3.64,22.37,4.98,5.94,2.73
731,4.09,6.82,11.78,27.39,3.64
732,4.09,3.24,9.97,6.77,6.83
733,2.63,3.14,14.05,5.12,5.47
734,3.68,6.45,4.98,2.26,9.57
735,2.25,20.33,8.61,3.46,5.01
736,3.08,3.84,7.25,2.33,4.1
737,3.08,2.94,21.75,3.99,5.01
738,6.39,2.26,7.88,9.86,5.92
739,19.91,2.6,5.26,9.48,14.12
740,5.26,3.16,6.47,10.08,4.56
741,2.67,3.28,6.47,6.39,4.56
742,6.99,2.6,10.11,5.19,4.56
743,3.94,5.2,7.69,7.45,5.92
744,10.03,11.3,16.99,9.4,6.83
745,4.85,10.73,7.28,21.14,8.65
746,4.62,21.92,6.47,4.59,6.38
747,4.96,7.34,8.09,6.47,19.59
748,5.33,5.99,4.85,4.59,5.92
749,4.36,6.21,6.88,6.02,6.83
750,3.61,13.44,6.88,5.12,8.2
751,5.03,4.29,3.24,8.5,3.19
752,3.27,5.2,4.85,7.9,4.1
753,4.51,5.65,1.62,21.97,5.92
754,3.04,6.89,2.43,5.34,2.73
755,3.57,7.57,5.66,6.85,3.64
756,5.45,9.83,6.47,8.2,5.01
757,5.94,6,7.69,4.82,5.92
758,4.06,21.66,7.69,7.15,6.83
759,2.67,5.21,7.28,7.82,6.83
760,6.27,5.2,5.66,4.89,7.29
761,4.51,5.76,10.52,5.27,6.38
762,7.29,3.39,5.26,2.93,5.01
763,3.94,4.29,8.9,3.84,7.29
764,4.51,5.42,8.9,7.22,3.64
765,5.15,2.82,10.11,7.9,7.74
766,3.34,3.84,23.46,8.13,3.64
767,6.91,1.92,7.69,7.07,5.01
768,56.88,1.92,5.26,8.35,10.02
769,6.8,5.2,4.05,5.12,20.5
770,7.18,5.42,3.24,8.35,5.47
771,7.59,6.78,5.26,3.08,5.92
772,2.67,6.44,8.09,8.43,4.56
773,3.23,7.57,11.73,2.93,2.73
774,4.13,5.76,4.05,4.36,5.92
775,6.61,8.02,4.05,11.74,7.29
776,3.68,5.76,4.45,14.45,10.02
777,3.53,9.6,8.9,7.3,4.1
778,2.74,8.36,6.07,6.24,2.73
779,2.82,20.33,4.45,7.37,3.64
780,2.52,34.3,5.66,4.59,3.19
781,5.49,4.29,6.07,3.24,3.64
782,3.61,5.95,6.88,6.09,5.92
783,3.61,3.46,6.07,7.52,3.64
784,3.19,4.14,8.49,11.06,3.19
785,3.61,4.52,10.52,3.69,5.92
786,6.8,7.91,3.22,2.71,4.1
787,4.88,4.14,4.82,3.84,7.74
788,3.31,4.89,6.03,5.94,6.38
789,4.28,4.89,4.82,6.39,8.65
790,11.38,5.57,6.43,3.61,4.1
791,12.4,3.84,7.64,4.29,3.64
792,14.13,5.12,6.43,5.19,6.83
793,3.61,2.48,7.24,5.64,5.47
794,5.52,4.29,3.22,7,4.56
795,4.4,4.67,4.82,8.2,4.1
796,2.7,5.5,4.42,10.38,3.64
797,3.23,4.44,4.82,6.4,6.38
798,3.08,4.97,8.84,7.22,5.01
799,4.06,6.55,4.02,4.81,5.01
800,5.9,6.63,4.02,5.94,2.73
801,2.22,5.87,4.42,4.36,6.38
802,2.78,5.35,2.81,4.29,3.19
803,2.7,6.33,100.49,6.77,5.47
804,3.16,6.4,6.83,5.12,5.01
805,3.16,4.14,3.62,5.57,3.64
806,3.08,5.5,3.22,3.08,3.64
807,3.23,5.57,5.23,4.14,83.81
808,2.67,5.8,4.42,2.93,3.64
809,2.78,3.61,4.42,4.66,5.01
810,2.18,7.61,6.83,4.66,5.92
811,3.64,5.57,13.26,2.26,7.29
812,5.37,4.22,6.03,3.69,7.29
813,3.53,2.64,6.03,3.23,5.47
814,5,3.69,10.85,3.16,8.65
815,3.61,5.12,7.24,3.91,7.74
816,3.76,4.37,3.62,95.47,13.21
817,5.79,5.2,4.42,2.86,5.92
818,10.41,88.93,5.23,3.24,5.92
819,5.64,4.97,6.43,7.07,9.11
820,5.6,3.46,2.41,4.81,7.29
821,5.37,2.79,5.63,4.82,5.01
822,3.61,5.72,4.02,7.6,4.56
823,8.11,2.64,6.43,8.95,5.92
824,15.82,2.79,4.02,6.85,6.83
825,12.17,9.41,4.82,6.47,3.19
826,3.23,4.74,4.02,5.94,6.38
827,2.52,4.29,6.43,9.25,5.01
828,2.82,4.74,4.42,6.09,8.2
829,4.92,7,6.03,4.06,3.19
830,3.64,5.12,7.24,5.04,4.56
831,6.31,3.01,9.65,5.12,4.1
832,3.19,3.92,4.82,6.92,7.29
833,8.79,4.59,7.64,3.99,5.47
834,2.82,5.27,1.61,6.17,5.47
835,3.19,4.14,3.22,5.57,10.02
836,3.61,5.04,4.02,2.71,4.1
837,2.63,4.44,5.23,6.24,6.83
838,3.19,8.89,3.62,3.08,4.1
839,2.78,5.12,6.03,4.21,4.1
840,5.41,4.82,5.63,4.89,5.01
841,5.03,4.97,12.06,7.22,4.1
842,6.27,7.98,21.71,7.15,7.29
843,11.8,8.13,3.62,6.47,6.38
844,4.96,9.19,2.41,9.4,11.39
845,2.07,26.51,5.23,4.06,9.11
846,3.68,3.46,2.01,5.42,3.64
847,8.04,3.54,2.81,2.71,15.94
848,4.02,4.07,3.22,1.81,2.73
849,3.19,4.37,2.41,3.16,2.28
850,2.22,2.71,1.21,4.06,3.19
851,2.82,2.71,2.01,2.86,2.28
852,2.7,4.89,3.22,5.79,2.73
853,4.13,3.92,2.41,4.89,1.82
854,3.04,6.63,2.81,10.91,3.19
855,4.09,5.35,3.22,23.77,
856,3.64,4.89,2.81,2.71,
857,5.37,1.51,3.22,3.08,
858,3.08,2.11,3.22,4.44,
859,5.86,3.54,4.82,3.39,
860,3.72,2.26,2.81,2.33,
861,4.32,2.79,3.62,3.99,
862,6.46,3.46,3.62,3.61,
863,1.77,2.94,3.62,1.81,
864,2.78,4.14,8.44,4.06,
865,2.63,4.67,4.82,4.97,
866,4.55,2.48,4.02,3.08,
867,2.33,3.09,6.83,4.59,
868,7.74,3.24,10.85,3.46,
869,4.36,3.09,3.62,3.76,
870,23.86,5.2,6.83,2.71,
871,4.55,6.63,7.24,2.63,
872,2.67,3.99,5.23,6.02,
873,12.17,3.84,4.42,4.06,
874,5.45,3.54,5.63,4.74,
875,3.98,3.39,15.27,5.19,
876,8.11,13.71,2.81,5.79,
877,6.31,3.76,2.01,6.4,
878,6.01,8.06,2.01,3.61,
879,2.97,4.59,4.02,3.84,
880,1.92,6.78,4.42,4.21,
881,2.7,5.65,4.42,5.04,
882,4.88,5.42,5.23,2.86,
883,5.07,8.36,4.02,5.57,
884,19.31,6.48,6.43,7.37,
885,5.86,4.44,35.37,12.19,
886,2.18,5.5,3.22,5.27,
887,3.68,9.49,2.81,6.7,
888,5.9,8.66,4.82,13.62,
889,4.88,3.76,5.23,2.41,
890,14.01,5.65,8.04,2.48,
891,2.74,5.2,5.23,3.39,
892,5.9,6.33,6.03,2.63,
893,3.61,4.59,4.82,3.46,
894,3.08,4.59,13.67,4.74,
895,7.29,22.97,9.04,4.51,
896,5,2.79,5.88,5.42,
897,3.42,2.86,5.88,7.52,
898,6.05,5.12,13.56,6.39,
899,7.96,4.89,6.33,7.45,
900,9.09,10.17,5.42,40.85,
901,3.19,5.2,5.88,2.56,
902,7.1,5.72,8.14,3.24,
903,4.21,5.27,8.14,3.76,
904,2.64,15.06,5.42,3.31,
905,3.95,12.42,4.52,9.56,
906,5.22,6.02,10.85,5.12,
907,3.57,5.57,5.88,7.22,
908,1.81,6.93,6.78,6.7,
909,2.91,5.27,6.33,7.97,
910,10.82,5.65,6.33,11.29,
911,4.13,4.22,4.52,6.02,
912,6.69,3.16,9.95,6.24,
913,4.09,3.16,4.52,7.37,
914,4.09,3.39,4.52,6.32,
915,3.57,6.63,4.52,3.84,
916,7.95,6.48,4.97,4.36,
917,4.98,5.57,4.07,3.84,
918,6.61,10.99,11.3,7.67,
919,5.79,12.95,8.59,7.6,
920,6.69,5.65,5.42,,
921,8.84,4.82,4.52,,
922,3.57,6.55,5.42,,
923,3.12,4.22,4.97,,
924,4.9,3.76,2.71,,
925,3.57,3.54,7.68,,
926,4.09,5.57,4.52,,
927,4.38,4.37,4.52,,
928,5.87,9.19,7.23,,
929,5.27,5.12,4.52,,
930,3.49,3.99,4.97,,
931,7.65,5.5,4.52,,
932,9.81,7,6.33,,
933,7.73,8.06,11.3,,
934,2.53,12.27,4.97,,
935,3.64,13.03,2.71,,
936,4.09,24.47,3.62,,
937,3.05,4.74,3.16,,
938,5.27,4.14,4.52,,
939,5.42,3.92,3.62,,
940,4.46,4.74,6.33,,
941,3.57,10.1,4.07,,
942,5.29,4.22,4.07,,
943,3.29,3.47,9.04,,
944,2.62,3.77,4.52,,
945,2.17,3.88,5.42,,
946,2.73,4.11,9.95,,
947,2.28,4.03,11.75,,
948,6.07,2.34,8.14,,
949,3.62,5.39,6.78,,
950,2.62,4.56,7.23,,
951,4.01,4,6.78,,
952,5.74,6.82,3.62,,
953,5.4,5.01,6.78,,
954,3.06,5.88,3.62,,
955,3.57,9.99,4.52,,
956,2.17,9.46,6.78,,
957,3.73,5.88,6.78,,
958,5.18,3.62,10.85,,
959,9.42,5.35,3.16,,
960,3.62,5.5,6.33,,
961,3.62,3.2,2.26,,
962,5.35,5.31,4.07,,
963,2.23,3.24,2.71,,
964,3.06,2.64,4.07,,
965,3.23,5.88,6.78,,
966,4.85,5.92,54.7,,
967,4.01,9.39,3.16,,
968,4.46,4.67,4.07,,
969,2.62,5.39,3.16,,
970,4.01,2.3,2.71,,
971,4.07,3.13,4.52,,
972,3.45,3.17,4.52,,
973,2.84,3.17,4.52,,
974,6.63,6.33,4.52,,
975,4.9,33.88,8.14,,
976,6.18,2.34,4.97,,
977,4.12,4.49,8.14,,
978,16.49,2.68,18.08,,
979,5.96,2.3,5.42,,
980,7.33,4.07,3.16,,
981,5.04,2.79,5.88,,
982,3.67,3.58,4.07,,
983,3.67,2.3,4.07,,
984,2.75,5.88,4.07,,
985,3.21,3.62,2.71,,
986,3.21,4.45,4.07,,
987,4.12,14.1,2.71,,
988,6.87,3.54,4.97,,
989,4.12,3.17,5.88,,
990,4.58,3.62,8.14,,
991,4.58,2.83,3.62,,
992,4.58,3.51,2.71,,
993,3.21,2.68,4.97,,
994,2.29,3.58,3.16,,
995,5.04,4.22,5.42,,
996,2.75,2.15,3.16,,
997,4.58,5.47,3.16,,
998,4.58,5.47,4.07,,
999,2.75,10.74,4.97,,
1000,3.67,3.77,5.88,,
1001,3.21,3.05,9.04,,
1002,11.45,3.62,6.33,,
1003,3.21,2.68,4.97,,
1004,4.58,4.52,3.16,,
1005,7.79,2.15,4.52,,
1006,4.58,2.9,4.97,,
1007,7.79,2.71,2.71,,
1008,5.5,3.13,7.68,,
1009,3.67,4.07,4.52,,
1010,3.21,5.88,7.68,,
1011,5.5,4.07,8.59,,
1012,4.12,3.24,5.88,,
1013,5.04,3.09,3.62,,
1014,5.5,2.19,3.16,,
1015,3.67,4.15,4.07,,
1016,11.91,2.3,4.07,,
1017,4.12,5.88,11.75,,
1018,5.5,2.79,3.16,,
1019,5.5,2.11,15.82,,
1020,3.21,4.15,5.42,,
1021,5.04,9.5,4.52,,
1022,3.21,3.54,9.04,,
1023,4.12,2.3,3.16,,
1024,4.58,3.09,3.62,,
1025,3.21,1.88,4.97,,
1026,3.21,3.28,7.68,,
1027,4.12,7.99,5.42,,
1028,4.12,2.79,7.68,,
1029,3.67,10.82,6.33,,
1030,4.12,5.5,5.42,,
1031,7.33,3.62,3.16,,
1032,3.67,6.26,4.07,,
1033,5.5,3.13,7.68,,
1034,7.33,3.24,4.52,,
1035,5.04,3.66,9.95,,
1036,6.41,5.88,7.23,,
1037,2.75,4.03,28.03,,
1038,8.71,5.35,9.95,,
1039,45.36,2.34,6.33,,
1040,2.29,3.58,4.97,,
1041,9.16,3.58,4.52,,
1042,3.67,5.58,4.07,,
1043,4.12,6.14,2.71,,
1044,3.21,4.18,4.97,,
1045,4.12,4.52,4.52,,
1046,8.25,4.56,5.42,,
1047,2.75,2.71,6.78,,
1048,4.12,19.34,2.26,,
1049,5.04,5.09,6.78,,
1050,5.96,4.49,9.95,,
1051,7.79,4.45,5.88,,
1052,2.29,4.11,5.88,,
1053,2.75,4.52,3.16,,
1054,5.5,3.09,4.07,,
1055,4.12,3.69,6.78,,
1056,3.67,1.81,3.62,,
1057,1.83,2.22,5.42,,
1058,4.12,3.73,4.97,,
1059,3.67,3.51,2.26,,
1060,9.62,5.05,4.07,,
1061,9.62,1.77,3.16,,
1062,7.33,3.2,12.21,,
1063,37.11,4,4.52,,
1064,8.25,2.83,4.52,,
1065,2.75,4.45,10.4,,
1066,1.83,4.9,8.14,,
1067,3.21,2.86,8.14,,
1068,2.75,3.09,5.88,,
1069,3.67,4.52,3.62,,
1070,2.75,3.17,4.97,,
1071,2.75,5.43,6.33,,
1072,2.29,4.98,4.52,,
1073,1.83,2.26,5.88,,
1074,2.29,3.27,53.34,,
1075,2.29,3.13,4.52,,
1076,2.29,15.38,7.23,,
1077,2.75,4.6,8.14,,
1078,1.83,8.52,10.4,,
1079,1.83,5.92,4.52,,
1080,1.83,3.24,7.23,,
1081,1.83,4.41,5.88,,
1082,2.75,3.24,3.62,,
1083,2.29,3.05,4.07,,
1084,2.75,3.32,5.42,,
1085,1.83,4.52,4.07,,
1086,2.29,3.62,7.68,,
1087,1.83,22.05,5.42,,
1088,1.83,4.11,13.56,,
1089,2.29,5.43,4.52,,
1090,3.21,5.92,9.49,,
1091,1.83,2.64,10.85,,
1092,2.75,4.98,5.88,,
1093,3.67,2.3,9.04,,
1094,1.83,4.11,12.66,,
1095,2.75,4.56,6.33,,
1096,2.29,2.22,56.05,,
1097,4.12,2.68,3.16,,
1098,3.21,3.73,3.62,,
1099,6.41,3.54,4.52,,
1100,3.67,4.94,5.41,,
1101,4.12,3.24,5.87,,
1102,5.04,8.07,4.51,,
1103,3.67,4.15,12.18,,
1104,4.58,5.84,4.51,,
1105,2.75,7.27,4.06,,
1106,6.41,4.94,4.51,,
1107,3.67,4.94,10.38,,
1108,2.29,8.14,12.63,,
1109,2.75,39.39,6.32,,
1110,2.75,6.29,5.41,,
1111,5.04,3.17,3.61,,
1112,2.75,4.56,4.06,,
1113,3.21,3.54,3.61,,
1114,3.21,7.27,7.67,,
1115,3.67,3.62,3.16,,
1116,4.58,3.13,10.38,,
1117,5.04,5.13,9.02,,
1118,4.58,4.41,10.38,,
1119,4.58,7.69,55.5,,
1120,5.5,4.07,14.89,,
1121,3.21,2.83,8.57,,
1122,3.67,4.07,4.96,,
1123,6.41,2.26,13.99,,
1124,6.87,5.2,44.67,,
1125,4.58,2.71,6.32,,
1126,7.33,9.61,3.16,,
1127,7.33,9.15,6.32,,
1128,12.37,6.78,4.51,,
1129,4.12,60.09,9.48,,
1130,7.33,33,9.93,,
1131,11,4.82,11.73,,
1132,3.21,1.88,13.54,,
1133,5.5,3.16,4.06,,
1134,5.04,7.84,6.77,,
1135,4.12,3.92,4.51,,
1136,6.41,3.69,4.96,,
1137,3.21,3.16,8.12,,
1138,4.58,2.71,6.77,,
1139,3.21,7.16,8.57,,
1140,2.75,5.88,6.77,,
1141,3.21,2.34,5.41,,
1142,5.04,3.54,6.32,,
1143,2.75,7.23,7.67,,
1144,4.12,2.03,4.06,,
1145,4.58,2.56,5.41,,
1146,2.29,2.56,3.61,,
1147,5.04,3.24,5.41,,
1148,2.75,3.69,4.51,,
1149,2.75,4.9,6.32,,
1150,2.75,4.67,5.87,,
1151,3.67,3.09,3.61,,
1152,3.67,3.62,9.02,,
1153,3.21,4.07,4.06,,
1154,2.75,4.14,5.87,,
1155,2.29,4.45,3.61,,
1156,2.29,2.71,8.57,,
1157,3.21,3.62,5.87,,
1158,3.21,2.56,2.71,,
1159,4.58,3.24,9.48,,
1160,4.58,2.71,5.41,,
1161,2.29,4.52,4.51,,
1162,4.58,4.07,7.67,,
1163,5.96,2.18,5.41,,
1164,5.96,5.95,4.51,,
1165,8.71,3.92,4.06,,
1166,5.04,4.29,4.51,,
1167,24.74,2.64,3.61,,
1168,3.67,6.25,7.67,,
1169,7.33,4.97,4.06,,
1170,19.24,7.38,4.96,,
1171,3.21,3.09,5.87,,
1172,3.67,4.97,6.77,,
1173,4.12,4.14,2.71,,
1174,3.67,3.62,3.16,,
1175,2.75,4.9,4.51,,
1176,3.67,2.79,4.51,,
1177,7.33,3.09,4.06,,
1178,3.67,5.35,6.32,,
1179,6.41,3.32,7.67,,
1180,9.16,4.97,5.41,,
1181,6.87,3.09,12.63,,
1182,4.12,5.5,13.54,,
1183,6.41,2.71,4.51,,
1184,4.58,3.09,4.96,,
1185,4.58,3.62,6.32,,
1186,6.41,3.69,4.06,,
1187,3.67,3.09,9.02,,
1188,5.5,6.25,7.67,,
1189,3.67,4.52,4.06,,
1190,3.21,2.79,7.67,,
1191,3.67,4.9,4.96,,
1192,4.58,4.22,5.87,,
1193,2.75,2.18,17.6,,
1194,4.12,3.84,4.51,,
1195,4.12,5.35,4.06,,
1196,4.58,3.92,3.61,,
1197,4.58,5.73,4.96,,
1198,5.96,5.12,4.51,,
1199,2.75,3.32,3.61,,
1200,3.67,18.22,5.87,,
1201,4.12,6.32,3.61,,
1202,3.21,12.61,4.96,,
1203,3.21,35.58,4.96,,
1204,3.67,4.63,5.87,,
1205,3.21,4.01,4.06,,
1206,3.21,4.97,5.87,,
1207,5.96,5.87,4.96,,
1208,2.75,7.68,4.51,,
1209,5.5,3.61,6.77,,
1210,5.96,7.62,3.16,,
1211,1.37,4.12,3.16,,
1212,3.21,7.68,3.61,,
1213,2.75,5.82,4.96,,
1214,2.29,5.48,3.16,,
1215,2.29,4.52,5.87,,
1216,2.75,5.42,3.61,,
1217,3.67,5.82,4.51,,
1218,4.58,4.46,4.51,,
1219,3.21,7.62,4.96,,
1220,3.21,3.78,4.51,,
1221,6.87,3.28,3.16,,
1222,7.33,3.44,4.51,,
1223,12.37,3.28,5.87,,
1224,5.04,3.22,9.93,,
1225,7.33,3.95,10.38,,
1226,5.5,3.84,15.34,,
1227,6.87,2.88,55.95,,
1228,2.75,4.07,8.57,,
1229,2.75,4.52,9.93,,
1230,3.67,4.91,35.1,,
1231,4.12,2.77,5.06,,
1232,2.75,3.61,4.96,,
1233,2.75,4.97,4.06,,
1234,3.21,7.79,4.96,,
1235,3.21,7.17,3.61,,
1236,2.75,8.98,5.41,,
1237,3.21,4.52,14.44,,
1238,3.67,32.02,5.41,,
1239,4.58,5.99,7.67,,
1240,5.04,9.79,9.02,,
1241,7.79,41.21,7.67,,
1242,4.12,2.71,7.67,,
1243,3.67,2.32,8.12,,
1244,3.67,2.2,2.71,,
1245,4.12,2.32,3.61,,
1246,6.87,1.75,6.77,,
1247,4.12,2.43,3.61,,
1248,3.67,7.74,8.12,,
1249,3.21,3.39,4.96,,
1250,4.12,5.93,10.38,,
1251,3.21,5.42,4.51,,
1252,4.12,6.72,6.77,,
1253,2.29,8.13,6.32,,
1254,2.29,13.61,4.96,,
1255,2.29,3.56,4.96,,
1256,5.04,9.09,5.87,,
1257,3.21,7.28,7.67,,
1258,5.5,2.71,6.32,,
1259,3.67,5.76,8.57,,
1260,5.5,2.26,9.02,,
1261,3.67,2.77,5.87,,
1262,2.75,3.61,6.77,,
1263,1.37,4.57,7.22,,
1264,1.83,5.82,4.06,,
1265,3.67,2.15,6.32,,
1266,3.67,4.52,4.51,,
1267,5.04,4.24,4.51,,
1268,2.29,3.56,5.87,,
1269,6.87,5.36,8.12,,
1270,3.24,4.52,4.06,,
1271,3.09,4.12,9.93,,
1272,4.97,3.56,6.77,,
1273,3.16,3.56,15.79,,
1274,3.99,2.88,21.21,,
1275,7.76,3.5,4.51,,
1276,6.33,2.71,3.61,,
1277,3.99,2.32,15.79,,
1278,4.52,3.56,8.32,,
1279,3.99,5.87,16.25,,
1280,4.22,10.9,3.57,,
1281,2.11,10.45,5.55,,
1282,2.86,3.61,9.11,,
1283,4.07,4.74,6.74,,
1284,5.95,3.28,6.74,,
1285,4.44,3.22,5.15,,
1286,35.85,5.42,2.38,,
1287,3.77,4.07,3.96,,
1288,7.61,4.12,2.38,,
1289,3.92,6.16,3.57,,
1290,6.63,3.61,3.96,,
1291,4.29,4.57,3.96,,
1292,6.63,9.37,3.96,,
1293,3.62,8.24,3.57,,
1294,3.09,25.75,5.55,,
1295,4.59,3.16,3.57,,
1296,3.69,5.42,5.55,,
1297,3.01,9.94,8.32,,
1298,4.22,6.32,7.53,,
1299,4.9,8.98,15.06,,
1300,5.5,4.12,5.94,,
1301,12.58,3.22,3.17,,
1302,4.52,6.72,4.76,,
1303,5.35,4.12,4.36,,
1304,6.85,3.11,7.13,,
1305,3.99,3.61,5.15,,
1306,5.57,3.61,5.94,,
1307,4.9,3.16,3.57,,
1308,4.67,4.4,5.55,,
1309,5.2,3.22,5.15,,
1310,3.84,4.52,5.94,,
1311,4.44,7.23,2.77,,
1312,4.59,5.59,3.57,,
1313,3.99,16.55,5.55,,
1314,3.99,5.53,6.74,,
1315,11.75,3.16,5.94,,
1316,5.12,3.11,9.91,,
1317,4.07,4.52,5.55,,
1318,7.61,6.78,7.53,,
1319,5.5,4.57,5.15,,
1320,3.54,6.72,3.57,,
1321,8.51,3.56,2.77,,
1322,7.76,5.93,3.57,,
1323,4.37,3.56,4.36,,
1324,6.93,4.97,5.55,,
1325,5.42,2.82,5.94,,
1326,2.86,2.6,3.17,,
1327,9.19,4.18,4.76,,
1328,2.71,5.36,7.13,,
1329,2.34,5.03,3.57,,
1330,4.67,6.72,3.17,,
1331,3.01,4.17,6.34,,
1332,3.62,6.83,2.38,,
1333,2.79,3.95,3.57,,
1334,3.09,2.32,6.74,,
1335,2.79,2.26,6.74,,
1336,3.54,3.22,4.36,,
1337,2.34,3.95,6.34,,
1338,3.16,5.42,6.74,,
1339,3.92,6.89,4.76,,
1340,3.84,8.58,3.17,,
1341,3.92,7.17,3.57,,
1342,6.78,3.61,4.36,,
1343,6.7,2.2,6.34,,
1344,15.06,7,89.95,,
1345,2.64,2.09,3.6,,
1346,3.24,4.07,6.21,,
1347,3.16,6.21,4.41,,
1348,2.56,5.48,8.21,,
1349,3.16,5.03,6.54,,
1350,1.88,4.52,3.34,,
1351,4.52,9.09,3.6,,
1352,4.07,7.12,5.41,,
1353,4.07,3.67,4.81,,
1354,3.62,1.86,5.87,,
1355,4.07,3.5,4.41,,
1356,7.76,5.25,4.34,,
1357,3.54,92.73,3.34,,
1358,6.33,4.18,3.47,,
1359,2.86,9.43,7.81,,
1360,8.06,17.22,9.01,,
1361,6.55,6.89,20.56,,
1362,2.34,3.95,7.74,,
1363,1.88,3.5,9.61,,
1364,3.62,4.18,11.95,,
1365,3.09,2.54,6.08,,
1366,2.86,5.14,13.02,,
1367,3.46,4.07,6.34,,
1368,3.01,2.71,4.67,,
1369,3.09,2.2,4.27,,
1370,4.82,3.72,4.94,,
1371,13.41,5.82,4.94,,
1372,2.34,6.83,7.41,,
1373,3.24,8.19,5.01,,
1374,1.81,13.33,7.34,,
1375,3.92,8.64,15.69,,
1376,2.56,5.87,4.21,,
1377,2.79,7.23,4.41,,
1378,2.94,22.7,6.01,,
1379,2.26,5.87,6.81,,
1380,3.92,15.81,3.94,,
1381,2.49,4.97,6.27,,
1382,3.16,3.11,5.74,,
1383,3.09,3.16,4.67,,
1384,4.59,3.67,8.75,,
1385,5.2,4.01,11.55,,
1386,4.07,4.97,4.41,,
1387,3.84,5.03,19.36,,
1388,4.59,5.03,3.47,,
1389,4.29,17.62,7.01,,
1390,3.62,4.91,4.61,,
1391,3.16,4.52,3.2,,
1392,2.64,7.68,2.87,,
1393,6.4,9.04,3.27,,
1394,2.64,3.56,3.47,,
1395,2.94,6.89,3.74,,
1396,3.54,6.38,6.88,,
1397,2.18,5.31,5.87,,
1398,3.62,10.5,3.94,,
1399,4.14,14.91,5.07,,
1400,2.26,7.51,11.35,,
1401,3.69,28.01,10.95,,
1402,3.92,1.92,54.87,,
1403,5.05,1.75,7.01,,
1404,2.26,2.6,2.94,,
1405,3.09,5.99,2.87,,
1406,4.59,3.11,2.87,,
1407,5.95,3.28,2.74,,
1408,3.99,2.15,3.2,,
1409,3.62,2.94,5.87,,
1410,6.18,3.9,9.41,,
1411,2.79,5.36,7.54,,
1412,4.07,3.56,9.95,,
1413,5.05,3.67,15.29,,
1414,2.56,5.36,5.54,,
1415,4.37,3.67,7.81,,
1416,5.2,4.57,3.74,,
1417,3.24,11.35,2.87,,
1418,6.25,24.23,3,,
1419,5.5,76.27,3.47,,
1420,3.62,2.31,4.21,,
1421,4.59,3.16,3,,
1422,5.8,1.24,4.41,,
1423,2.41,1.86,5.61,,
1424,3.92,0.96,3.87,,
1425,3.16,1.35,4.07,,
1426,2.71,1.75,5.74,,
1427,1.88,1.81,5.81,,
1428,5.27,1.3,5.81,,
1429,2.79,9.09,7.94,,
1430,4.59,3.27,26.3,,
1431,3.16,5.31,3.6,,
1432,3.01,12.7,3.94,,
1433,4.59,56.4,7.94,,
1434,3.16,3.73,3.87,,
1435,4.59,4.01,3.6,,
1436,6.4,3.1,4.14,,
1437,3.54,3.61,5.47,,
1438,3.16,1.92,3.14,,
1439,6.63,2.09,5.61,,
1440,5.05,2.31,5.34,,
1441,6.33,2.31,7.48,,
1442,5.95,3.16,10.15,,
1443,15.76,3.56,4.21,,
1444,7.78,2.26,4.21,,
1445,14.46,3.1,5.27,,
1446,37.44,1.98,5.34,,
1447,6.25,7.06,5.14,,
1448,3.92,3.73,12.88,,
1449,3.01,4.06,5.94,,
1450,3.01,5.31,7.68,,
1451,0.98,6.04,13.75,,
1452,2.64,4.4,9.35,,
1453,1.88,5.69,9.81,,
1454,1.58,22.22,10.15,,
1455,2.33,1.56,8.14,,
1456,1.88,3.5,6.74,,
1457,4.52,1.86,5.01,,
1458,4.14,3.1,12.62,,
1459,3.31,2.77,3.87,,
1460,3.92,2.31,5.07,,
1461,2.56,4.91,4.81,,
1462,3.62,3.5,6.41,,
1463,3.99,6.83,2.94,,
1464,4.37,3.61,4.01,,
1465,6.33,5.48,7.68,,
1466,3.01,5.87,10.48,,
1467,3.39,12.14,7.54,,
1468,3.01,7.34,6.41,,
1469,3.24,4.4,4.81,,
1470,5.8,4.63,2.6,,
1471,4.9,3.61,3.74,,
1472,3.16,4.91,3.47,,
1473,4.07,6.32,4.07,,
1474,4.14,4.63,6.81,,
1475,3.16,4.4,11.62,,
1476,4.07,6.72,3.34,,
1477,5.42,4.57,7.94,,
1478,3.62,3.1,14.42,,
1479,5.05,4.06,8.08,,
1480,5.42,3.16,13.42,,
1481,4.52,2.71,6.74,,
1482,3.99,3.67,5.01,,
1483,3.62,4.12,6.74,,
1484,5.65,7.96,6.61,,
1485,6.03,2.82,10.68,,
1486,1.21,9.82,5.82,,
1487,3.39,7.4,9,,
1488,4.14,5.42,15.02,,
1489,3.16,4.06,6.68,,
1490,4.82,11.23,7.41,,
1491,8.51,2.71,3.94,,
1492,14.84,4.46,5.61,,
1493,6.55,4.46,6.01,,
1494,3.54,3.33,5.07,,
1495,5.72,3.1,4.81,,
1496,2.56,5.93,8.08,,
1497,4.82,4.97,4.61,,
1498,3.99,10.27,8.75,,
1499,4.67,5.87,4.47,,
1500,3.99,4.97,7.34,,
1501,4.52,3.61,3.47,,
1502,3.31,2.65,5.41,,
1503,3.92,3.27,6.14,,
1504,9.94,3.05,7.28,,
1505,3.77,3.22,7.94,,
1506,4.44,4.91,3.4,,
1507,7.23,9.09,3.54,,
1508,2.64,3.22,3.2,,
1509,1.96,4.01,3.27,,
1510,4.07,6.77,13.22,,
1511,4.07,8.58,10.55,,
1512,4.52,7.79,4.87,,
1513,6.33,12.98,14.82,,
1514,4.97,7.62,3.07,,
1515,5.57,14,5.87,,
1516,3.99,10.9,6.28,,
1517,3.01,9.43,13.42,,
1518,3.69,11.4,3.6,,
1519,4.9,29.19,6.81,,
1520,13.26,1.3,6.81,,
1521,4.52,5.25,5.14,,
1522,3.62,6.21,5.87,,
1523,4.37,4.06,4.94,,
1524,4.07,2.15,7.34,,
1525,2.71,7.23,6.68,,
1526,1.88,3.27,4.34,,
1527,2.26,5.08,4.94,,
1528,2.41,6.21,4.34,,
1529,3.84,5.02,8.28,,
1530,3.99,5.87,18.56,,
1531,5.88,3.61,14.75,,
1532,2.34,3.9,14.09,,
1533,20.41,7,12.08,,
1534,2.26,4.97,6.74,,
1535,2.71,5.31,3.27,,
1536,3.24,7.28,5.67,,
1537,3.46,2.31,7.48,,
1538,3.54,3.5,9.15,,
1539,4.67,3.05,7.48,,
1540,4.07,2.94,5.87,,
1541,2.18,8.02,4.97,,
1542,2.34,5.93,4.06,,
1543,3.09,3.56,6.32,,
1544,1.81,6.89,7.68,,
1545,3.62,3.1,4.52,,
1546,2.79,3.16,6.77,,
1547,3.24,5.48,8.13,,
1548,2.18,5.36,5.42,,
1549,3.24,4.06,5.87,,
1550,6.55,5.31,5.87,,
1551,2.86,6.21,5.87,,
1552,3.99,4.35,9.93,,
1553,4.44,4.91,4.97,,
1554,3.84,3.61,20.32,,
1555,5.72,5.76,9.93,,
1556,3.09,4.91,10.84,,
1557,2.79,3.33,13.55,,
1558,2.79,4.52,8.13,,
1559,4.97,2.88,3.16,,
1560,4.9,3.39,9.03,,
1561,3.16,18.21,2.71,,
1562,3.24,16.33,3.61,,
1563,4.07,7,3.16,,
1564,3.16,7.83,3.61,,
1565,3.09,7.52,2.71,,
1566,4.9,3.76,3.61,,
1567,5.88,4.06,3.16,,
1568,4.52,2.18,5.87,,
1569,3.24,3.61,5.42,,
1570,2.79,3.61,43.35,,
1571,3.69,2.33,4.52,,
1572,4.07,3.99,7.23,,
1573,5.88,2.18,4.52,,
1574,2.79,5.04,4.06,,
1575,2.49,2.71,2.26,,
1576,3.31,3.08,3.61,,
1577,3.62,4.06,2.71,,
1578,3.46,2.86,5.87,,
1579,4.9,3.61,9.48,,
1580,4.14,4.06,2.26,,
1581,3.09,2.03,5.42,,
1582,3.77,2.93,4.97,,
1583,3.58,3.08,2.71,,
1584,2.68,2.86,4.97,,
1585,4.02,4.29,2.71,,
1586,2.68,3.31,4.52,,
1587,2.24,5.34,3.61,,
1588,2.24,3.99,3.16,,
1589,3.58,1.88,3.61,,
1590,3.13,3.16,3.16,,
1591,4.02,8.13,4.06,,
1592,3.58,15.72,4.06,,
1593,4.02,3.24,2.71,,
1594,4.47,2.26,4.97,,
1595,3.58,2.26,4.06,,
1596,6.71,4.44,5.87,,
1597,2.24,2.33,4.06,,
1598,2.68,2.71,4.97,,
1599,3.13,2.26,6.32,,
1600,4.02,2.71,9.03,,
1601,5.37,2.71,2.71,,
1602,7.15,6.77,3.16,,
1603,3.13,7.22,6.77,,
1604,3.58,8.5,4.06,,
1605,2.68,33.86,4.52,,
1606,7.15,3.61,6.32,,
1607,4.02,5.04,3.61,,
1608,4.02,2.63,3.16,,
1609,4.92,3.61,2.71,,
1610,4.02,4.06,2.71,,
1611,4.92,3.16,4.06,,
1612,6.26,2.78,4.97,,
1613,6.26,4.51,4.97,,
1614,5.81,7.52,4.06,,
1615,4.02,2.86,4.06,,
1616,3.13,4.51,4.97,,
1617,6.26,3.54,7.23,,
1618,5.37,3.61,4.97,,
1619,7.15,4.06,3.16,,
1620,4.47,2.78,6.32,,
1621,3.58,4.06,2.71,,
1622,5.37,3.61,3.61,,
1623,4.47,3.16,2.71,,
1624,8.5,9.48,3.16,,
1625,4.02,4.44,3.61,,
1626,4.47,3.24,4.06,,
1627,6.26,6.32,3.16,,
1628,5.81,3.61,3.16,,
1629,31.75,3.99,5.42,,
1630,8.94,2.26,8.58,,
1631,4.47,3.24,8.13,,
1632,1.79,3.61,6.32,,
1633,2.68,6.24,6.77,,
1634,2.24,8.2,4.52,,
1635,3.13,8.58,4.52,,
1636,1.79,5.04,4.06,,
1637,2.24,8.05,5.42,,
1638,4.92,6.7,6.32,,
1639,4.02,4.51,8.58,,
1640,3.13,1.88,4.52,,
1641,4.47,7.15,4.06,,
1642,6.26,4.36,5.42,,
1643,9.39,4.66,5.42,,
1644,2.68,4.06,4.97,,
1645,3.58,3.24,3.61,,
1646,5.81,3.16,3.61,,
1647,4.47,3.61,5.42,,
1648,5.37,5.79,3.16,,
1649,3.13,4.51,4.06,,
1650,5.81,2.33,2.26,,
1651,5.81,5.42,2.71,,
1652,4.92,2.18,4.52,,
1653,7.15,4.14,4.52,,
1654,5.37,2.26,4.52,,
1655,42.92,2.18,11.29,,
1656,1.79,2.78,4.52,,
1657,2.24,3.99,3.61,,
1658,12.97,3.61,2.71,,
1659,2.24,1.88,2.71,,
1660,4.02,3.69,4.06,,
1661,1.79,3.16,10.39,,
1662,2.24,4.51,6.32,,
1663,2.68,7.15,7.23,,
1664,1.79,5.94,5.87,,
1665,2.68,3.91,21.22,,
1666,1.34,2.33,22.58,,
1667,1.79,1.73,9.48,,
1668,3.13,3.76,4.52,,
1669,1.34,3.16,4.52,,
1670,1.34,5.27,4.06,,
1671,0.89,6.92,3.16,,
1672,1.34,3.54,4.06,,
1673,2.24,3.16,4.06,,
1674,3.13,3.08,6.77,,
1675,2.68,4.14,5.87,,
1676,3.58,2.56,5.87,,
1677,6.26,1.96,5.42,,
1678,4.02,4.66,13.1,,
1679,3.13,2.56,20.32,,
1680,4.02,3.16,3.61,,
1681,3.13,2.71,7.23,,
1682,2.68,4.36,4.52,,
1683,3.58,2.78,9.93,,
1684,2.68,2.71,3.61,,
1685,3.58,2.78,5.42,,
1686,3.13,3.16,5.42,,
1687,3.58,2.63,5.87,,
1688,4.47,4.51,13.55,,
1689,8.05,5.04,5.87,,
1690,4.47,2.63,28,,
1691,3.58,5.04,16.71,,
1692,4.47,4.44,4.52,,
1693,4.47,2.33,7.23,,
1694,4.47,3.99,4.97,,
1695,6.71,4.97,4.52,,
1696,25.93,5.04,3.61,,
1697,7.15,3.61,5.87,,
1698,7.6,4.51,3.61,,
1699,1.79,6.24,4.06,,
1700,4.92,6.25,8.58,,
1701,41.58,17.68,2.26,,
1702,2.24,18.66,4.52,,
1703,2.68,4.06,3.61,,
1704,1.79,3.01,6.32,,
1705,2.68,3.61,9.48,,
1706,2.24,3.16,3.61,,
1707,1.34,2.78,6.32,,
1708,1.34,3.99,12.19,,
1709,1.34,2.93,11.29,,
1710,1.34,6.25,4.97,,
1711,2.24,4.89,7.23,,
1712,3.58,4.51,5.42,,
1713,2.24,4.51,7.23,,
1714,6.71,9.93,5.97,,
1715,1.34,14.37,6.59,,
1716,3.13,3.24,4.25,,
1717,2.24,4.97,4.25,,
1718,3.58,5.42,7.15,,
1719,2.68,7.15,8.6,,
1720,4.47,4.14,12.74,,
1721,2.24,5.42,3.91,,
1722,3.58,4.06,3.8,,
1723,3.58,4.59,7.38,,
1724,1.79,8.2,8.38,,
1725,2.68,5.72,7.04,,
1726,2.68,27.61,6.03,,
1727,3.58,16.03,4.69,,
1728,2.24,6.55,8.85,,
1729,2.68,1.81,38.75,,
1730,4.02,1.81,5.14,,
1731,4.02,3.91,2.91,,
1732,4.92,1.96,2.68,,
1733,19.67,2.18,2.46,,
1734,6.26,5.42,1.9,,
1735,4.02,2.71,2.91,,
1736,4.92,3.16,2.01,,
1737,7.15,7.67,2.35,,
1738,10.73,5.42,3.02,,
1739,4.02,3.61,1.9,,
1740,5.81,4.97,2.57,,
1741,4.02,6.24,4.47,,
1742,7.15,5.94,3.35,,
1743,7.6,5.79,3.8,,
1744,3.58,7.67,7.26,,
1745,2.24,12.26,9.72,,
1746,3.13,9.03,4.13,,
1747,3.58,5.42,4.58,,
1748,4.47,3.61,8.83,,
1749,4.92,5.79,5.03,,
1750,3.13,3.69,5.7,,
1751,3.13,3.16,4.58,,
1752,2.68,4.97,5.25,,
1753,2.24,6.77,5.03,,
1754,2.68,10.83,7.04,,
1755,3.13,4.89,8.05,,
1756,2.68,5.94,4.58,,
1757,4.47,6.77,3.02,,
1758,4.02,7.22,3.35,,
1759,4.02,6.7,3.13,,
1760,11.63,6.77,3.24,,
1761,5.37,13.54,3.46,,
1762,4.47,9.1,4.13,,
1763,2.68,72.61,4.92,,
1764,3.58,2.26,8.6,,
1765,7.6,2.33,6.49,,
1766,4.02,2.63,34.63,,
1767,3.13,1.43,9.62,,
1768,4.92,3.99,7.71,,
1769,7.6,2.78,3.24,,
1770,2.68,2.26,3.69,,
1771,4.47,5.87,9.16,,
1772,2.24,2.71,8.6,,
1773,2.24,3.16,3.13,,
1774,4.02,4.06,5.36,,
1775,3.13,4.06,6.48,,
1776,3.58,3.61,4.58,,
1777,6.71,7.67,5.36,,
1778,1.79,6.77,8.49,,
1779,2.68,3.16,4.69,,
1780,2.24,2.18,6.93,,
1781,2.24,5.49,7.38,,
1782,1.79,2.63,9.83,,
1783,4.02,4.14,4.81,,
1784,3.13,3.69,3.46,,
1785,3.13,3.99,3.91,,
1786,2.68,4.06,5.14,,
1787,3.13,3.46,5.03,,
1788,4.02,4.74,3.58,,
1789,4.02,7.6,9.39,,
1790,3.58,3.54,8.38,,
1791,4.02,2.86,18.55,,
1792,2.24,2.63,6.37,,
1793,4.02,3.08,5.36,,
1794,3.13,3.69,4.02,,
1795,2.68,3.08,5.92,,
1796,2.24,2.71,9.95,,
1797,3.13,4.59,4.58,,
1798,4.02,7.3,3.46,,
1799,7.6,6.62,7.15,,
1800,3.13,21.22,6.48,,
1801,2.68,8.13,5.81,,
1802,3.13,11.44,3.91,,
1803,3.13,7.15,2.79,,
1804,3.13,4.44,2.91,,
1805,3.58,9.09,6.37,,
1806,3.13,3.26,9.28,,
1807,3.13,4.55,11.73,,
1808,3.13,7.27,4.58,,
1809,3.13,3.11,4.25,,
1810,3.13,2.27,6.37,,
1811,5.81,2.8,11.51,,
1812,3.13,4.02,5.48,,
1813,4.92,6.37,7.71,,
1814,7.15,4.09,6.7,,
1815,3.13,3.79,8.6,,
1816,3.58,3.86,13.19,,
1817,3.13,2.88,7.26,,
1818,2.68,2.27,9.95,,
1819,4.02,3.11,13.74,,
1820,2.68,2.73,3.91,,
1821,3.13,2.35,6.48,,
1822,2.23,4.55,8.49,,
1823,3.58,7.35,3.58,,
1824,3.13,3.49,4.13,,
1825,3.58,2.27,6.03,,
1826,5.36,4.55,4.13,,
1827,2.23,2.8,4.47,,
1828,2.23,2.58,4.69,,
1829,4.02,8.79,2.23,,
1830,5.36,6.29,3.13,,
1831,3.13,5.53,3.8,,
1832,3.58,2.27,4.69,,
1833,2.68,5.46,3.24,,
1834,3.58,3.11,4.13,,
1835,2.68,3.26,10.84,,
1836,2.23,6.37,33.3,,
1837,4.47,4.02,9.72,,
1838,2.23,3.71,5.92,,
1839,3.13,3.18,2.91,,
1840,3.58,3.64,4.81,,
1841,4.92,5.91,4.02,,
1842,4.47,3.18,4.58,,
1843,3.58,5,3.8,,
1844,1.79,5,6.03,,
1845,3.13,2.2,4.13,,
1846,2.68,4.09,5.25,,
1847,4.02,7.35,10.95,,
1848,4.02,4.62,4.81,,
1849,2.68,5.76,3.02,,
1850,4.02,4.7,8.27,,
1851,4.02,6.97,8.72,,
1852,3.13,3.79,5.59,,
1853,4.02,5.15,5.59,,
1854,4.02,4.02,2.91,,
1855,3.58,4.55,5.03,,
1856,4.92,3.11,4.02,,
1857,3.58,7.81,2.79,,
1858,4.02,5.46,4.25,,
1859,2.68,4.09,4.36,,
1860,5.81,3.94,4.47,,
1861,1.79,5.53,5.03,,
1862,2.23,6.82,3.24,,
1863,2.68,17.05,9.39,,
1864,2.68,4.77,7.6,,
1865,4.02,1.89,7.93,,
1866,2.68,5.99,6.48,,
1867,2.68,4.02,5.36,,
1868,4.47,3.18,8.16,,
1869,2.68,3.11,4.02,,
1870,4.02,3.79,4.13,,
1871,3.58,4.47,6.48,,
1872,2.68,8.64,11.17,,
1873,2.23,2.65,6.03,,
1874,2.23,4.55,15.64,,
1875,4.02,5.53,6.15,,
1876,4.47,3.56,7.26,,
1877,3.13,3.64,5.92,,
1878,3.13,5.15,6.03,,
1879,3.58,2.65,2.57,,
1880,4.02,4.17,2.91,,
1881,3.13,3.64,3.69,,
1882,3.13,5.91,4.02,,
1883,5.36,4.02,4.36,,
1884,1.79,4.62,5.03,,
1885,3.13,13.56,2.68,,
1886,3.58,7.73,8.05,,
1887,4.47,21,4.69,,
1888,3.13,11.28,3.58,,
1889,4.02,4.93,16.87,,
1890,1.79,2.73,5.14,,
1891,2.68,2.73,2.91,,
1892,4.92,2.35,3.24,,
1893,9.89,2.8,6.93,,
1894,4.05,5.46,7.26,,
1895,56.21,4.09,5.48,,
1896,2.7,4.17,5.14,,
1897,2.7,8.03,4.92,,
1898,4.5,3.71,6.59,,
1899,4.5,2.2,8.49,,
1900,4.05,6.14,4.69,,
1901,3.15,7.81,10.5,,
1902,2.7,5.3,2.91,,
1903,2.25,5.68,4.25,,
1904,3.6,2.8,6.93,,
1905,2.7,4.62,5.36,,
1906,4.05,3.49,4.92,,
1907,3.15,2.73,3.24,,
1908,4.95,5.61,1.9,,
1909,2.7,15.38,3.69,,
1910,1.8,12.43,5.25,,
1911,2.7,12.58,123.93,,
1912,2.7,3.64,2.92,,
1913,3.6,3.26,2.6,,
1914,4.05,3.49,2.27,,
1915,1.8,2.8,1.95,,
1916,2.25,5.91,1.3,,
1917,2.25,2.58,1.62,,
1918,3.6,5.15,1.95,,
1919,4.95,4.47,4.22,,
1920,2.7,5.15,2.92,,
1921,4.05,5.91,4.55,,
1922,2.25,5.46,5.52,,
1923,4.05,4.02,7.8,,
1924,3.15,7.65,3.57,,
1925,3.15,3.64,4.55,,
1926,2.7,5.08,5.52,,
1927,7.64,4.02,4.22,,
1928,5.85,3.71,2.6,,
1929,2.25,5.53,3.9,,
1930,3.15,2.96,5.2,,
1931,3.15,3.33,6.5,,
1932,3.15,3.94,8.12,,
1933,4.5,4.17,5.52,,
1934,4.05,2.35,4.22,,
1935,5.4,5.3,3.57,,
1936,8.09,2.88,4.87,,
1937,4.5,6.37,3.25,,
1938,4.5,3.64,5.2,,
1939,2.7,3.49,5.2,,
1940,3.15,2.35,6.17,,
1941,4.05,3.64,15.27,,
1942,4.05,3.64,4.55,,
1943,4.5,2.35,6.5,,
1944,10.79,2.65,4.55,,
1945,2.25,3.18,2.92,,
1946,3.6,3.18,4.55,,
1947,4.05,3.26,5.2,,
1948,5.85,4.55,5.52,,
1949,2.7,5.46,4.55,,
1950,3.15,7.2,6.82,,
1951,2.7,3.64,4.87,,
1952,6.75,5.61,4.87,,
1953,5.85,3.11,2.37,,
1954,4.05,4.09,3.72,,
1955,8.09,3.18,1.69,,
1956,5.85,2.65,2.71,,
1957,6.3,2.35,5.76,,
1958,3.15,3.56,4.4,,
1959,2.25,2.65,13.21,,
1960,2.25,4.17,3.72,,
1961,2.7,4.62,5.08,,
1962,2.7,89.5,4.74,,
1963,3.15,5.99,8.13,,
1964,5.4,2.65,8.13,,
1965,3.6,2.27,7.45,,
1966,2.7,3.71,8.46,,
1967,1.35,5,6.09,,
1968,3.15,2.65,5.08,,
1969,1.35,3.64,6.43,,
1970,2.25,3.64,7.11,,
1971,1.8,5.91,13.88,,
1972,2.25,4.62,4.74,,
1973,4.05,2.65,4.74,,
1974,1.8,4.55,3.05,,
1975,3.15,4.7,4.06,,
1976,2.7,7.12,2.03,,
1977,3.15,10.23,2.37,,
1978,3.6,5.15,4.74,,
1979,3.6,4.62,8.46,,
1980,2.7,5.53,4.06,,
1981,1.8,5.46,3.05,,
1982,2.25,1.74,3.72,,
1983,2.7,3.71,2.71,,
1984,4.95,4.62,3.39,,
1985,4.5,6.37,2.37,,
1986,6.3,12.66,5.76,,
1987,2.7,3.49,4.74,,
1988,1.8,4.17,4.06,,
1989,3.6,3.33,3.05,,
1990,3.6,4.09,3.39,,
1991,4.5,5.46,7.11,,
1992,2.25,4.85,5.42,,
1993,2.7,3.64,3.72,,
1994,2.7,15.99,4.74,,
1995,2.25,2.27,3.05,,
1996,2.25,3.56,5.08,,
1997,3.15,2.65,11.51,,
1998,3.6,3.33,3.39,,
1999,1.35,3.11,7.11,,
2000,8.99,4.17,9.14,,
2001,5.85,5.91,10.84,,
2002,5.85,3.56,4.06,,
2003,2.7,4.17,3.72,,
2004,4.95,3.11,4.74,,
2005,4.05,4.09,4.74,,
2006,4.05,3.79,6.43,,
2007,1.8,3.64,4.74,,
2008,2.7,3.94,3.39,,
2009,2.25,2.35,3.39,,
2010,3.15,2.73,3.05,,
2011,4.95,4.55,3.39,,
2012,3.6,4.47,3.05,,
2013,2.7,10.99,5.08,,
2014,4.95,3.71,3.05,,
2015,4.95,4.32,11.51,,
2016,3.6,7.05,11.17,,
2017,3.6,3.64,10.16,,
2018,4.5,3.49,4.06,,
2019,6.75,4.09,6.77,,
2020,5.4,2.8,5.76,,
2021,2.25,5.3,2.71,,
2022,2.25,6.14,4.06,,
2023,2.25,5.38,2.37,,
2024,3.15,10.53,2.71,,
2025,2.25,6.14,3.05,,
2026,2.7,8.64,3.39,,
2027,2.7,3.41,4.74,,
2028,4.05,3.56,2.03,,
2029,6.3,2.8,3.39,,
2030,4.05,5,7.79,,
2031,4.05,3.49,8.8,,
2032,5.4,5.76,7.79,,
2033,4.05,11.9,7.11,,
2034,4.05,4.62,8.13,,
2035,4.95,3.71,3.72,,
2036,3.15,2.73,11.51,,
2037,2.7,5.38,5.42,,
2038,1.8,3.26,5.08,,
2039,5.4,3.64,5.76,,
2040,3.6,5.46,9.14,,
2041,3.6,7.96,3.72,,
2042,3.6,9.62,5.08,,
2043,3.6,3.86,7.45,,
2044,3.6,3.64,5.76,,
2045,3.15,9.85,4.06,,
2046,19.79,4.02,6.77,,
2047,4.5,5.08,3.05,,
2048,3.15,6.52,3.72,,
2049,5.85,3.11,2.37,,
2050,3.15,4.47,5.42,,
2051,3.15,3.33,5.76,,
2052,4.05,5.76,5.08,,
2053,3.15,7.35,4.4,,
2054,2.25,8.18,6.77,,
2055,2.25,6.74,6.09,,
2056,4.05,2.88,5.08,,
2057,2.7,2.73,26.75,,
2058,3.15,4.93,7.79,,
2059,3.15,4.09,7.11,,
2060,2.25,5.76,4.4,,
2061,3.6,2.42,14.56,,
2062,3.6,3.11,9.14,,
2063,2.25,2.96,6.43,,
2064,3.6,9.32,5.08,,
2065,3.15,5.46,6.09,,
2066,1.8,3.79,4.06,,
2067,3.15,9.02,3.72,,
2068,2.25,8.26,4.4,,
2069,3.15,7.96,4.06,,
2070,2.7,3.71,3.39,,
2071,2.25,5.99,3.72,,
2072,2.7,4.02,3.05,,
2073,4.05,2.35,5.08,,
2074,1.8,2.73,5.42,,
2075,1.8,2.8,4.06,,
2076,4.95,3.79,2.71,,
2077,1.8,8.58,5.76,,
2078,2.7,4.14,2.37,,
2079,2.7,4.89,7.45,,
2080,4.5,8.13,2.71,,
2081,5.85,4.97,2.71,,
2082,3.15,4.82,5.42,,
2083,2.7,5.72,4.4,,
2084,2.7,2.11,2.03,,
2085,3.6,3.76,4.4,,
2086,2.7,2.63,3.05,,
2087,3.6,2.11,6.77,,
2088,5.85,3.31,11.85,,
2089,4.05,3.69,3.39,,
2090,3.15,4.06,4.74,,
2091,2.25,8.05,3.72,,
2092,2.7,3.09,5.76,,
2093,2.25,2.94,3.05,,
2094,4.95,6.62,4.06,,
2095,4.5,4.82,8.46,,
2096,3.6,2.78,7.45,,
2097,3.6,4.89,6.09,,
2098,2.7,2.86,4.74,,
2099,4.05,2.26,8.46,,
2100,6.3,2.26,4.74,,
2101,2.7,3.99,8.8,,
2102,3.15,4.22,8.46,,
2103,4.5,5.04,5.76,,
2104,4.5,3.46,4.06,,
2105,3.6,3.99,5.42,,
2106,4.95,5.19,3.05,,
2107,2.25,3.01,11.85,,
2108,2.25,3.16,12.87,,
2109,3.15,1.81,5.42,,
2110,2.7,10.76,5.08,,
2111,8.99,7.3,10.16,,
2112,1.8,5.12,5.42,,
2113,1.35,3.69,6.09,,
2114,2.7,8.05,4.4,,
2115,4.05,4.74,2.37,,
2116,2.25,4.06,4.4,,
2117,3.6,5.49,3.72,,
2118,3.15,6.7,6.43,,
2119,4.05,1.96,38.94,,
2120,2.25,2.56,2.71,,
2121,3.15,5.64,4.06,,
2122,4.05,3.16,5.76,,
2123,3.15,3.61,6.77,,
2124,5.4,3.91,3.72,,
2125,3.15,3.99,5.76,,
2126,2.25,2.78,6.43,,
2127,3.6,3.09,4.06,,
2128,2.25,2.78,4.06,,
2129,5.4,4.06,4.4,,
2130,5.4,2.71,5.42,,
2131,3.15,2.63,4.74,,
2132,2.7,4.14,5.76,,
2133,4.05,2.63,5.08,,
2134,2.7,3.31,6.43,,
2135,3.6,3.99,5.42,,
2136,8.99,2.26,3.39,,
2137,2.7,2.63,5.76,,
2138,6.75,3.99,3.72,,
2139,4.5,1.35,3.39,,
2140,8.99,3.69,5.08,,
2141,2.25,4.82,3.72,,
2142,1.8,2.82,6.43,,
2143,1.8,2.31,8.46,,
2144,2.7,4.29,20.99,,
2145,4.05,7.79,8.8,,
2146,3.6,2.77,15.24,,
2147,4.5,3.5,6.43,,
2148,2.25,3.16,2.71,,
2149,3.6,4.97,11.85,,
2150,3.15,3.22,7.45,,
2151,3.15,4.12,20.32,,
2152,2.25,6.66,3.72,,
2153,3.15,5.87,6.43,,
2154,1.8,3.1,4.74,,
2155,1.8,4.18,5.42,,
2156,3.15,3.56,9.14,,
2157,4.05,2.77,9.14,,
2158,2.25,5.36,6.77,,
2159,2.7,6.77,6.77,,
2160,3.6,3.78,7.45,,
2161,2.7,3.95,4.06,,
2162,5.4,5.02,3.72,,
2163,2.7,7.17,5.76,,
2164,4.05,9.54,9.14,,
2165,4.05,3.89,9.14,,
2166,4.05,4.18,6.09,,
2167,4.95,6.77,6.09,,
2168,3.15,4.06,10.16,,
2169,5.85,4.97,9.14,,
2170,6.75,5.42,7.11,,
2171,6.3,3.56,5.08,,
2172,15.74,5.42,7.11,,
2173,4.05,4.57,8.46,,
2174,5.4,5.02,7.11,,
2175,7.2,22.47,7.45,,
2176,9.89,2.71,6.43,,
2177,7.64,5.53,11.51,,
2178,4.95,5.76,11.51,,
2179,4.5,6.72,14.9,,
2180,6.3,4.18,5.08,,
2181,7.64,3.16,13.54,,
2182,5.4,3.16,31.83,,
2183,5.4,3.16,,,
2184,8.09,4.97,,,
2185,8.54,3.61,,,
2186,5.85,7.73,,,
2187,5.85,4.4,,,
2188,8.99,2.77,,,
2189,5.4,3.56,,,
2190,8.54,3.61,,,
2191,10.79,6.38,,,
2192,7.2,3.61,,,
2193,6.75,2.71,,,
2194,6.3,3.95,,,
2195,5.4,4.97,,,
2196,4.05,11.8,,,
2197,4.5,6.89,,,
2198,13.94,17.56,,,
2199,3.6,9.03,,,
2200,3.6,15.69,,,
2201,3.15,14.4,,,
2202,10.34,24.03,,,
2203,4.95,2.71,,,
2204,10.34,2.71,,,
2205,3.6,3.61,,,
2206,3.17,5.87,,,
2207,2.26,4.85,,,
2208,3.17,4.01,,,
2209,2.26,3.67,,,
2210,2.72,4.57,,,
2211,3.17,3.1,,,
2212,4.98,2.71,,,
2213,7.24,3.1,,,
2214,4.98,2.31,,,
2215,2.72,4.29,,,
2216,3.62,7.11,,,
2217,4.98,4.46,,,
2218,2.72,3.89,,,
2219,3.17,9.65,,,
2220,3.17,4.97,,,
2221,4.53,5.87,,,
2222,4.53,3.67,,,
2223,4.98,6.32,,,
2224,5.43,5.36,,,
2225,2.26,7.23,,,
2226,3.17,8.58,,,
2227,3.62,6.32,,,
2228,2.72,7.11,,,
2229,2.26,8.24,,,
2230,1.81,4.06,,,
2231,4.53,4.12,,,
2232,1.81,7.73,,,
2233,1.36,8.41,,,
2234,2.72,5.48,,,
2235,4.08,7.17,,,
2236,2.72,7.73,,,
2237,28.98,8.98,,,
2238,4.53,8.64,,,
2239,4.08,5.02,,,
2240,3.17,3.16,,,
2241,3.62,10.33,,,
2242,4.53,3.16,,,
2243,3.62,5.87,,,
2244,5.89,3.16,,,
2245,5.89,5.93,,,
2246,8.15,15.81,,,
2247,5.89,6.72,,,
2248,6.79,7.23,,,
2249,5.43,17.67,,,
2250,14.04,9.43,,,
2251,4.08,14,,,
2252,7.7,21.28,,,
2253,4.98,8.52,,,
2254,5.43,2.65,,,
2255,9.51,5.14,,,
2256,9.06,12.08,,,
2257,4.98,7.68,,,
2258,4.08,11.74,,,
2259,5.43,20.72,,,
2260,9.96,4.63,,,
2261,9.96,9.88,,,
2262,6.79,8.18,,,
2263,7.24,9.03,,,
2264,4.08,9.88,,,
2265,4.98,9.03,,,
2266,3.17,6.27,,,
2267,3.62,6.49,,,
2268,4.08,46.8,,,
2269,5.89,3.67,,,
2270,5.43,4.06,,,
2271,2.72,4.97,,,
2272,4.08,15.81,,,
2273,4.08,9.88,,,
2274,35.77,32.63,,,
2275,12.68,8.47,,,
2276,3.62,13.21,,,
2277,1.36,8.07,,,
2278,4.08,11.23,,,
2279,2.72,11.8,,,
2280,3.17,16.09,,,
2281,2.26,5.14,,,
2282,4.53,8.58,,,
2283,3.62,4.57,,,
2284,3.17,7.23,,,
2285,6.34,21.73,,,
2286,2.72,8.86,,,
2287,4.08,6.44,,,
2288,3.17,8.98,,,
2289,3.62,7.56,,,
2290,9.06,5.87,,,
2291,7.7,8.3,,,
2292,5.89,7.28,,,
2293,13.13,12.14,,,
2294,6.79,5.87,,,
2295,6.79,4.91,,,
2296,3.62,13.04,,,
2297,7.7,4.57,,,
2298,2.26,5.02,,,
2299,2.72,3.44,,,
2300,1.81,5.93,,,
2301,3.62,5.36,,,
2302,4.08,5.08,,,
2303,2.72,5.87,,,
2304,4.08,4.57,,,
2305,52.98,6.21,,,
2306,3.17,5.02,,,
2307,3.17,56.39,,,
2308,4.08,6.32,,,
2309,17.21,4.12,,,
2310,6.34,2.6,,,
2311,2.72,4.69,,,
2312,1.81,5.31,,,
2313,4.08,7.23,,,
2314,3.17,3.16,,,
2315,2.72,5.93,,,
2316,2.72,8.58,,,
2317,3.17,8.02,,,
2318,3.62,4.23,,,
2319,5.43,1.69,,,
2320,,5.93,,,
2321,,9.2,,,